OBJECTID,SPECIES_CD_1,PROJ_AGE_1,PROJ_HEIGHT_1,LIVE_VOL_PER_HA_SPP1_125
1,,0,0,0
2,,0,0,0
3,,0,0,0
4,,0,0,0
5,,0,0,0
6,,0,0,0
7,,0,0,0
8,,0,0,0
9,,0,0,0
10,,0,0,0
11,,0,0,0
12,,0,0,0
13,,0,0,0
14,,0,0,0
15,,0,0,0
16,,0,0,0
17,,0,0,0
18,PLC,167,3,0
19,CW,127,7.1999998,0
20,SS,297,42.2999992,552.183
21,HW,117,15.6000004,76.107
22,CW,357,22.1000004,93.591
23,SS,337,43.2000008,709.314
24,HW,277,32.2999992,387.499
25,YC,307,17.1000004,79.492
26,CW,307,30.2000008,261.273
27,HW,257,31.2999992,391.72
28,CW,282,19.2000008,61.594
29,HW,357,41.2000008,478.723
30,CW,227,21.2000008,145.114
31,HW,307,32.2000008,334.076
32,CW,357,29.2000008,200.703
33,HW,332,35.2000008,250.755
34,SS,257,36.4000015,384.255
35,CW,307,19.1000004,83
36,CW,277,27.2000008,219.42
37,CW,257,17.2000008,63.184
38,CW,307,18.1000004,64.518
39,HW,20,10.5,16.05
40,HW,427,48.2000008,459.765
41,HW,307,31.2000008,321.867
42,CW,282,13.1000004,34.049
43,HW,28,8,8.232
44,CW,267,17.1000004,90.373
45,CW,267,18.2000008,53.21
46,CW,357,20.1000004,128.205
47,CW,227,16.2000008,68.884
48,HW,347,34.2000008,415.068
49,HW,247,24.2999992,203.041
50,SS,297,39.2999992,503.563
51,CW,307,33.2000008,188.472
52,HW,307,26.2000008,239.052
53,CW,307,18.1000004,65.919
54,HW,277,28.2000008,262.841
55,HW,32,11.5,42.314
56,SS,157,22.7000008,130.951
57,CW,167,22.3999996,96.243
58,CW,267,21.2000008,131.886
59,HW,27,10.3999996,14.382
60,CW,287,30.2000008,198.773
61,HW,357,37.2000008,295.943
62,CW,332,25.2000008,128.17
63,HW,35,13.3999996,34.096
64,CW,157,2,0
65,HW,267,20.2000008,61.694
66,CW,207,14.1000004,49.782
67,CW,257,15.1000004,58.003
68,CW,267,20.2000008,69.305
69,HW,12,2.7,0
70,CW,128,17.3999996,128.345
71,HW,257,31.2999992,378.859
72,HW,287,36.2999992,284.267
73,CW,332,21.1000004,121.746
74,CW,267,25.2000008,137.105
75,YC,207,5,0
76,HW,25,9.3999996,16.827
77,PLC,117,2,0
78,HW,367,36.2000008,448.478
79,HW,17,5.0999999,0
80,CW,187,13.1999998,83.145
81,SS,287,42.2999992,725.982
82,HW,247,29.2999992,378.753
83,CW,267,18.2000008,57.803
84,CW,227,18.2000008,100.127
85,HW,267,22.2000008,148.881
86,HW,297,33.2000008,304.817
87,CW,327,24.2000008,133.568
88,CW,267,25.2000008,177.336
89,CW,267,19.2000008,53.847
90,HW,20,6.3000002,0
91,HW,21,7.4000001,1.686
92,CW,167,4.0999999,0
93,SS,26,8.3000002,3.457
94,CW,257,25.2000008,190.645
95,HW,29,10.8000002,22.087
96,HW,337,35.2000008,330.634
97,HW,207,27.3999996,329.356
98,HW,307,33.2000008,406.698
99,CW,357,26.1000004,132.844
100,HW,20,9,5.481
101,CW,307,17.1000004,40.305
102,HW,277,32.2999992,339.581
103,HW,297,33.2000008,375.716
104,HW,20,9.6999998,11.106
105,HW,247,30.2999992,350.566
106,SS,307,44.2999992,618.23
107,CW,147,23.5,133.097
108,CW,307,22.2000008,85.355
109,HW,227,31.3999996,397.099
110,CW,332,38.2000008,266.918
111,CW,282,17.1000004,42.663
112,HW,267,19.2000008,86.244
113,CW,357,24.1000004,186.328
114,CW,207,11.1000004,37.87
115,CW,287,21.2000008,91.434
116,HW,307,33.2000008,353.517
117,CW,267,18.2000008,105.916
118,HW,24,16.8999996,73.21
119,CW,307,19.1000004,46.313
120,HW,327,33.2000008,451.151
121,HW,357,37.2000008,444.882
122,CW,332,10.1000004,2.93
123,HW,367,43.2000008,349.774
124,CW,257,17.2000008,59.291
125,CW,267,18.2000008,90.903
126,CW,332,30.2000008,209.434
127,CW,253,16.1000004,89.239
128,YC,257,14.1000004,74.915
129,HW,267,31.2999992,353.83
130,,0,0,0
131,HW,267,27.2000008,285.534
132,PLC,132,6.3000002,0
133,HW,257,30.2999992,368.187
134,SS,287,45.2999992,885.711
135,CW,207,14.1000004,59.756
136,CW,267,16.2000008,67.427
137,YC,234,21.5,189.646
138,HW,257,29.2999992,375.472
139,HW,307,31.2000008,451.508
140,CW,287,25.2000008,133.012
141,CW,277,20.2000008,87.022
142,SS,32,11.5,55.426
143,HW,247,28.2999992,335.062
144,SS,28,13.3000002,107.9
145,PLC,122,2,0
146,CW,167,9.1000004,0
147,SS,267,49.2999992,988.526
148,CW,332,15.1000004,21.826
149,SS,5,0.8,0
150,CW,147,20.3999996,138.123
151,CW,257,17.2000008,59.715
152,HW,267,25.2000008,239.411
153,CW,332,22.1000004,83.024
154,CW,187,10.1000004,0
155,PLC,137,1.5,0
156,HW,187,21.3999996,137.973
157,PLC,87,1,0
158,HW,27,10.3999996,15.328
159,PLC,127,8.3000002,1.202
160,YC,357,15.1000004,51.28
161,HW,17,5.9000001,0
162,CW,332,30.2000008,181.685
163,PLC,117,2,0
164,HW,32,14,47.031
165,HW,287,20.2000008,128.931
166,HW,247,29.2999992,378.753
167,CW,307,33.2000008,303.17
168,HW,207,20.2999992,151.379
169,HW,127,24.7999992,207.196
170,PLC,107,1.5,0
171,HW,257,20.2000008,150.233
172,CW,197,18.2000008,94.299
173,PLC,107,5.3000002,0
174,CW,307,19.1000004,46.313
175,PLC,167,3,0
176,CW,307,40.2999992,404.5
177,PLC,117,2,0
178,CW,332,28.2000008,190.996
179,CW,23,8.1000004,7.203
180,YC,353,19.2000008,134.777
181,HW,247,23.2999992,188.431
182,CW,357,15.1000004,4.732
183,YC,357,16.1000004,55.325
184,CW,357,32.2000008,156.811
185,CW,177,9.1000004,14.596
186,HW,277,32.2999992,389.04
187,SS,157,19.7000008,135.511
188,HW,337,36.2000008,283.757
189,CW,237,13.1000004,44.977
190,CW,137,5.0999999,0
191,SS,307,36.2999992,377.556
192,HW,147,21.6000004,222.652
193,HW,347,37.2000008,414.646
194,HW,287,26.2000008,182.09
195,CW,307,18.1000004,70.991
196,HW,297,37.2999992,484.176
197,PLC,127,2,0
198,CW,332,11.1000004,8.09
199,CW,357,31.2000008,242.134
200,CW,267,27.2000008,161.604
201,SS,327,44.2000008,509.146
202,HW,267,27.2000008,310.218
203,HW,297,33.2000008,406.163
204,HW,197,27.3999996,266.861
205,CW,307,22.2000008,91.617
206,CW,227,16.2000008,68.884
207,HW,287,31.2000008,372.196
208,HW,297,35.2999992,502.813
209,CW,332,22.1000004,76.619
210,HW,18,8.6999998,5.916
211,HW,247,27.2999992,305.436
212,CW,307,21.1000004,112.892
213,SS,257,40.4000015,537.592
214,SS,243,35.2000008,535.966
215,CW,282,20.2000008,76.051
216,CW,267,16.2000008,48.151
217,PLC,107,2,0
218,YC,227,12.1000004,29.988
219,CW,243,24.1000004,209.473
220,CW,257,27.2999992,218.708
221,CW,332,21.1000004,94.257
222,CW,357,28.1000004,210.456
223,CW,257,26.2999992,125.618
224,HW,277,25.2000008,240.75
225,HW,16,4.6999998,0
226,HW,267,22.2000008,141.063
227,HW,257,27.2999992,313.343
228,CW,297,21.2000008,104.765
229,HW,257,27.2999992,286.104
230,CW,207,2,0
231,CW,277,30.2999992,227.185
232,CW,357,23.1000004,193.758
233,CW,332,20.1000004,78.077
234,CW,307,20.1000004,82.579
235,HW,347,37.2000008,321.477
236,YC,307,14.1000004,36.83
237,CW,332,18.1000004,61.457
238,HW,277,25.2000008,161.195
239,HW,107,22.8999996,174.348
240,CW,207,14.1000004,65.697
241,PLC,107,5.3000002,0
242,CW,227,20.2000008,108.368
243,PLC,122,2,0
244,PLC,117,1.5,0
245,CW,332,18.1000004,51.612
246,SS,267,40.2999992,539.316
247,HW,35,9.8000002,11.632
248,CW,247,19.2000008,111.471
249,HW,207,28.3999996,376.935
250,CW,167,22.3999996,96.243
251,CW,357,26.1000004,158.311
252,HW,287,28.2000008,257.595
253,HW,32,11.5,43.359
254,SS,5,0.6,0
255,HW,387,42.2000008,542.954
256,HW,347,35.2000008,263.713
257,CW,332,22.1000004,101.692
258,CW,267,21.2000008,135.192
259,HW,247,32.2999992,391.854
260,HW,21,7.4000001,2.065
261,CW,247,13.1000004,10.523
262,HW,12,3.5,0
263,HW,207,26.3999996,202.839
264,HW,297,33.2000008,480.191
265,CW,307,18.1000004,69.764
266,CW,337,31.2000008,197.978
267,PLC,127,4.1999998,0
268,PLC,107,5.3000002,0
269,CW,307,26.2000008,175.239
270,CW,227,8.1000004,3.584
271,CW,187,16.2000008,80.599
272,CW,332,30.2000008,178.46
273,HW,22,7.9000001,4.72
274,CW,267,15.1000004,41.9
275,YC,367,16.1000004,65.346
276,SS,267,36.4000015,453.122
277,HW,7,1.2,0
278,PLC,122,2.5,0
279,HW,27,10.3999996,15.328
280,CW,307,17.1000004,56.793
281,CW,307,30.2000008,171.414
282,HW,167,17.3999996,58.263
283,CW,267,24.2000008,186.147
284,CW,227,14.1999998,45.743
285,CW,247,24.2999992,161.11
286,SS,10,1.8,0
287,YC,357,14.1000004,42.665
288,CW,307,16.1000004,43.395
289,HW,257,25.2999992,242.978
290,SS,6,1.1,0
291,PLC,107,1.5,0
292,HW,227,18.2000008,61.164
293,CW,167,10.1999998,0.345
294,YC,357,17.1000004,63.319
295,HW,207,25.3999996,237.623
296,CW,267,24.2000008,139.469
297,CW,257,16.1000004,49.32
298,HW,324,38.2000008,470.038
299,HW,8,1.7,0
300,HW,12,3.5,0
301,CW,247,30.2999992,222.955
302,SS,307,45.2999992,609.364
303,PLC,117,2,0
304,CW,267,18.2000008,64.985
305,SS,10,1.8,0
306,CW,327,31.2000008,306.956
307,CW,332,22.1000004,99.624
308,HW,217,25.2999992,127.961
309,CW,307,18.1000004,65.919
310,CW,332,31.2000008,192.721
311,CW,332,20.1000004,105.031
312,HW,337,37.2000008,474.217
313,CW,257,19.2000008,78.396
314,YC,247,18.2000008,87.368
315,HW,307,33.2000008,231.867
316,HW,20,5.6999998,0
317,CW,307,23.2000008,124.671
318,CW,332,18.1000004,76.189
319,HW,357,40.2000008,518.294
320,CW,357,24.1000004,133.795
321,HW,307,30.2000008,341.143
322,CW,332,18.1000004,75.508
323,HW,227,29.3999996,383.611
324,CW,307,17.1000004,47.659
325,CW,332,32.2000008,199.54
326,HW,357,24.1000004,107.723
327,CW,267,18.2000008,89.46
328,CW,207,2,0
329,SS,293,32.0999985,327.906
330,CW,277,18.2000008,100.472
331,CW,277,21.2000008,168.776
332,PLC,122,3.7,0
333,CW,307,23.2000008,164.171
334,HW,327,34.2000008,309.902
335,YC,357,18.1000004,80.31
336,HW,277,21.2000008,102.403
337,HW,277,33.2999992,313.135
338,CW,307,18.1000004,69.764
339,HW,297,28.2000008,178.209
340,PLC,147,2,0
341,SS,277,45.2999992,651.466
342,HW,367,36.2000008,389.037
343,CW,307,22.2000008,114.991
344,CW,357,34.2000008,221.132
345,PLC,167,4.1999998,0
346,CW,267,18.2000008,78.68
347,SS,34,14.3999996,91.424
348,CW,357,22.1000004,107.993
349,CW,357,38.2000008,222.508
350,CW,227,16.2000008,60.945
351,SS,113,21.5,170.342
352,CW,357,34.2000008,186.176
353,CW,307,28.2000008,190.674
354,HW,25,8.8999996,7.039
355,CW,332,30.2000008,178.46
356,CW,207,4,0
357,HW,25,8.8999996,7.842
358,CW,247,19.2000008,81.049
359,CW,277,22.2000008,116.755
360,HW,247,30.2999992,322.811
361,HW,337,34.2000008,315.84
362,HW,307,31.2000008,275.212
363,CW,227,16.2000008,67.314
364,HW,267,30.2999992,302.788
365,CW,257,16.1000004,82.542
366,CW,307,18.1000004,64.772
367,HW,357,38.2000008,362.244
368,PLC,127,4.1999998,0
369,HW,237,15.1999998,61.614
370,CW,332,29.2000008,197.889
371,CW,247,17.2000008,109.91
372,CW,267,22.2000008,120.532
373,CW,337,31.2000008,197.978
374,CW,307,23.2000008,89.274
375,CW,177,13.1999998,7.816
376,CW,282,10.1000004,9.122
377,CW,332,27.2000008,175.269
378,YC,267,9.1000004,0
379,PLC,117,2,0
380,PLC,107,1.5,0
381,CW,257,18.2000008,54.503
382,PLC,127,8.3000002,1.202
383,HW,337,35.2000008,619.498
384,CW,357,22.1000004,92.408
385,HW,337,36.2000008,337.781
386,HW,247,21.2000008,126.98
387,PLC,107,5.3000002,0
388,HW,287,33.2999992,430.104
389,YC,357,18.1000004,75.012
390,HW,37,21.1000004,102.391
391,CW,357,18.1000004,95.268
392,HW,277,27.2000008,211.896
393,HW,227,21.2999992,117.96
394,SS,353,43.0999985,752.637
395,CW,227,17.2000008,69.554
396,CW,227,10.1000004,0
397,CW,257,17.2000008,63.184
398,HW,307,33.2000008,403.114
399,SS,18,4.5,0
400,CW,307,18.1000004,65.093
401,CW,307,18.1000004,64.772
402,CW,357,12.1000004,1.852
403,SS,287,45.2999992,885.711
404,HW,267,33.2999992,414.567
405,HW,237,27.2999992,315.854
406,HW,237,20.2000008,160.922
407,CW,257,33.2999992,238.358
408,CW,227,16.2000008,12.534
409,HW,247,27.2999992,323.246
410,CW,167,21.3999996,91.833
411,HW,17,4.9000001,0
412,CW,257,16.1000004,66.544
413,CW,307,24.2000008,113.611
414,PLC,127,5.3000002,0
415,CW,307,30.2000008,183.665
416,PLC,122,3.2,0
417,HW,277,33.2999992,408.987
418,CW,267,21.2000008,95.835
419,HW,247,28.2999992,287.372
420,SS,357,43.2000008,563.564
421,CW,227,14.1999998,45.743
422,HW,19,7,0
423,HW,357,38.2000008,306.758
424,HW,357,40.2000008,443.315
425,HW,20,8,0
426,HW,22,9,13.537
427,CW,357,48.2000008,219.324
428,CW,217,21.2999992,131.103
429,YC,227,12.1000004,26.649
430,HW,277,30.2999992,344.501
431,HW,207,21.2999992,160.167
432,SS,25,7.8000002,1.719
433,CW,277,28.2999992,228.147
434,HW,10,2.5,0
435,HW,161,29.8999996,123.85
436,CW,307,18.1000004,71.268
437,HW,307,27.2000008,200.937
438,HW,367,39.2000008,564.772
439,CW,117,16.5,87.934
440,CW,187,23.2999992,124.477
441,HW,397,41.2000008,609.867
442,SS,247,38.4000015,646.228
443,YC,357,19.1000004,96.802
444,CW,257,17.2000008,63.184
445,CW,207,19.2000008,75.383
446,CW,267,21.2000008,118.692
447,CW,177,9.1000004,0
448,CW,177,22.2999992,133.623
449,HW,25,9.8999996,17.842
450,HW,257,25.2999992,242.978
451,CW,10,1.4,0
452,HW,177,15.3000002,79.389
453,PLC,107,5.3000002,0
454,CW,307,24.2000008,112.83
455,CW,297,29.2000008,278.149
456,PLC,137,2.5,0
457,CW,257,16.1000004,63.727
458,HW,332,32.2000008,213.787
459,HW,257,27.2999992,355.326
460,CW,357,15.1000004,20.244
461,HW,7,1.2,0
462,HW,32,14,47.031
463,HW,41,17,71.463
464,CW,332,26.2000008,184.362
465,HW,257,23.2000008,127.442
466,HW,257,25.2999992,160.133
467,CW,307,25.2000008,127.482
468,HW,20,9.6999998,11.106
469,YC,170,15.8999996,95.806
470,CW,217,15.1999998,71.446
471,HW,227,12.1999998,1.838
472,CW,307,10.1000004,16.101
473,CW,227,14.1999998,45.743
474,CW,263,24.1000004,220.028
475,HW,307,27.2000008,226.094
476,CW,307,13.1000004,30.518
477,HW,307,17.1000004,86.388
478,HW,293,25.1000004,181.599
479,CW,167,22.3999996,97.501
480,SS,33,12.3000002,45.663
481,HW,247,26.2999992,255.092
482,HW,22,7.9000001,9.628
483,,0,0,0
484,HW,307,34.2000008,395.734
485,HW,347,33.2000008,348.355
486,CW,357,22.1000004,92.408
487,SS,10,1.9,0
488,CW,252,18.2000008,84.636
489,PLC,107,1.5,0
490,CW,247,16.2000008,48.447
491,HW,357,37.2000008,445.341
492,CW,237,15.1999998,69.814
493,CW,307,18.1000004,69.764
494,PLC,137,7.3000002,0.428
495,HW,247,33.2999992,363.535
496,HW,307,32.2000008,355.41
497,PLC,107,5.3000002,0.284
498,HW,21,7.4000001,1.426
499,CW,282,20.2000008,90.516
500,HW,287,27.2000008,246.601
501,HW,297,30.2000008,296.887
502,SS,307,44.2999992,654.013
503,CW,147,27.6000004,211.653
504,HW,297,26.2000008,213.88
505,CW,257,25.2000008,185.256
506,YC,277,12.1000004,41.569
507,SS,227,28.5,244.168
508,HW,147,18.5,116.54
509,CW,297,24.2000008,156.583
510,CW,187,23.2999992,124.477
511,SS,178,22.2999992,285.28
512,HW,357,31.2000008,206.436
513,CW,277,23.2000008,149.723
514,HW,357,38.2000008,291.962
515,HW,327,34.2000008,337.679
516,CW,297,27.2000008,187.812
517,SS,272,38.2999992,719.636
518,CW,167,6.0999999,0
519,CW,207,11.1000004,5.28
520,HW,227,23.2999992,180.265
521,YC,257,13.1000004,42.113
522,CW,257,18.2000008,104.573
523,CW,247,18.2000008,117.436
524,CW,227,19.2000008,121.841
525,HW,267,24.2000008,194.064
526,SS,3,0.4,0
527,SS,203,32.2000008,497.594
528,CW,267,19.2000008,106.974
529,CW,137,25.6000004,219.913
530,YC,407,19.1000004,76.662
531,CW,307,26.2000008,177.08
532,HW,347,34.2000008,307.079
533,HW,287,32.2999992,287.691
534,HW,19,6.0999999,0
535,CW,287,27.2000008,221.563
536,PLC,122,2,0
537,CW,307,14.1000004,36.895
538,HW,163,33.2999992,526.49
539,CW,307,19.1000004,33.488
540,PLC,117,1.5,0
541,CW,227,13.1000004,14.991
542,SS,307,37.2999992,466.66
543,CW,332,18.1000004,90.279
544,SS,307,34.2999992,213.189
545,HW,257,29.2999992,335.089
546,HW,277,22.2000008,133.913
547,HW,34,13.6000004,89.506
548,CW,332,22.1000004,149.461
549,CW,7,0.5,0
550,CW,357,19.1000004,80.199
551,CW,332,18.1000004,61.149
552,HW,263,32.0999985,436.282
553,DR,28,15.1000004,63.358
554,HW,277,25.2000008,205.196
555,HW,337,37.2000008,417.127
556,,0,0,0
557,HW,257,33.2999992,492.963
558,HW,267,29.2999992,248.648
559,HW,12,4.9000001,0
560,HW,287,29.2000008,305.377
561,PLC,117,1.5,0
562,CW,147,5.0999999,0
563,HW,22,7.9000001,3.358
564,,0,0,0
565,CW,357,22.1000004,98.531
566,CW,357,24.1000004,113.387
567,CW,307,28.2000008,143.778
568,CW,257,16.1000004,62.42
569,HW,257,33.2999992,346.426
570,CW,357,25.1000004,126.789
571,HW,327,34.2000008,401.88
572,HW,257,31.2999992,331.757
573,CW,307,8,1.892
574,CW,237,11.1000004,4.77
575,SS,167,21.7000008,134.811
576,CW,257,18.2000008,71.83
577,HW,107,13.6000004,27.736
578,HW,87,15.8999996,52.362
579,YC,347,16.1000004,46.301
580,CW,287,26.2000008,207.158
581,HW,357,37.2000008,322.454
582,CW,332,28.2000008,158.9
583,CW,307,26.2000008,175.239
584,CW,273,26.1000004,214.098
585,HW,267,30.2999992,345.809
586,PLC,117,2,0
587,CW,267,25.2000008,93.873
588,HW,357,39.2000008,445.654
589,SS,227,33.5,374.765
590,PLC,117,2,0
591,CW,287,27.2000008,187.03
592,SS,207,29.5,289.117
593,HW,347,37.2000008,282.188
594,CW,307,24.2000008,121.263
595,HW,10,2.5999999,0
596,HW,17,5.4000001,0
597,CW,267,20.2000008,105.614
598,CW,227,27.2999992,190.326
599,HW,20,5.6999998,0
600,HW,20,5.6999998,0
601,YC,297,15.1000004,56.573
602,SS,147,21.7999992,211.092
603,CW,357,20.1000004,96.298
604,CW,227,17.2000008,75.885
605,PLC,117,2,0
606,HW,267,22.2000008,148.881
607,PLC,107,2,0
608,HW,207,18.2999992,8.185
609,HW,237,23.2999992,196.268
610,CW,357,22.1000004,111.594
611,HW,337,33.2000008,324.621
612,HW,307,34.2000008,364.906
613,CW,337,35.2000008,291.278
614,HW,357,38.2000008,542.796
615,CW,267,25.2000008,122.214
616,HW,307,35.2999992,385.927
617,HW,307,32.2000008,288.046
618,HW,207,23.2999992,149.662
619,HW,127,24.7999992,175.8
620,CW,243,18.1000004,66.492
621,CW,167,8.1000004,0
622,CW,267,18.2000008,64.985
623,CW,357,28.1000004,155.089
624,YC,297,16.1000004,69.397
625,CW,307,21.1000004,112.622
626,HW,21,6.6999998,0
627,DR,32,20.2000008,192.889
628,CW,147,4.0999999,0
629,CW,332,21.1000004,94.257
630,SS,227,37.5,566.557
631,SS,267,41.2999992,563.456
632,CW,332,22.1000004,76.619
633,CW,273,20.1000004,106.295
634,CW,187,19.2000008,89.977
635,SS,10,1.9,0
636,HW,357,37.2000008,351.586
637,PLC,107,1.5,0
638,CW,277,19.2000008,70.564
639,HW,357,38.2000008,482.963
640,CW,207,22.2000008,100.224
641,PLC,107,1.5,0
642,CW,157,4.0999999,0
643,,0,0,0
644,CW,179,27.2000008,274.753
645,CW,197,12.1000004,0
646,CW,267,19.2000008,100.396
647,HW,332,32.2000008,230.501
648,CW,307,24.2000008,125.283
649,HW,297,35.2999992,573.89
650,HW,367,37.2000008,379.8
651,SS,307,39.2999992,561.176
652,PLC,127,8.3000002,1.202
653,YC,367,19.1000004,108.827
654,HW,23,8.3999996,4.951
655,HW,29,11.3999996,21.565
656,CW,267,19.2000008,57.958
657,CW,217,10.1000004,25.457
658,HW,327,36.2000008,395.84
659,CW,257,18.2000008,100.913
660,HW,277,34.2999992,370.548
661,SS,25,9.5,8.49
662,HW,357,38.2000008,251.489
663,CW,207,19.2000008,94.077
664,CW,332,12.1000004,1.703
665,HW,287,26.2000008,168.728
666,CW,327,33.2000008,223.591
667,PLC,117,1.5,0
668,PLC,107,5.3000002,0
669,SS,257,36.4000015,422.837
670,CW,277,28.2999992,169.553
671,HW,337,36.2000008,381.848
672,HW,247,23.2999992,162.019
673,HW,307,31.2000008,384.085
674,HW,307,33.2000008,404.341
675,HW,297,21.2000008,160.065
676,CW,257,17.2000008,9.618
677,CW,282,22.2000008,74.953
678,CW,22,6.1999998,0
679,HW,307,33.2000008,454.505
680,YC,187,5,0
681,CW,267,23.2000008,152.6
682,HW,20,5.6999998,0
683,HW,307,33.2000008,306.021
684,CW,257,23.2000008,143.459
685,CW,307,21.1000004,109.773
686,CW,297,20.1000004,104.002
687,CW,307,18.1000004,82.195
688,CW,307,15.1000004,1.163
689,HW,237,24.2999992,212.947
690,HW,337,33.2000008,396.618
691,HW,297,31.2000008,326.039
692,CW,332,18.1000004,74.644
693,SS,307,43.2999992,649.126
694,CW,277,19.2000008,63.166
695,CW,297,23.2000008,132.537
696,HW,282,20.2000008,121.128
697,HW,5,0.6,0
698,SS,282,40.2999992,558.585
699,HW,257,31.2999992,393.007
700,HW,337,34.2000008,360.252
701,CW,332,22.1000004,101.692
702,CW,247,16.2000008,73.392
703,HW,307,32.2000008,337.519
704,PLC,107,2,0
705,YC,307,16.1000004,50.067
706,HW,357,37.2000008,347.373
707,HW,237,25.2999992,235.346
708,,0,0,0
709,PLC,137,1.5,0
710,CW,357,13.1000004,17.32
711,YC,247,9.1000004,24.338
712,HW,347,35.2000008,435.985
713,DR,23,17,124.624
714,HW,357,40.2000008,384.969
715,SS,257,39.4000015,629.989
716,CW,267,16.2000008,82.458
717,CW,307,23.2000008,128.884
718,,0,0,0
719,CW,332,22.1000004,111.025
720,CW,277,28.2999992,169.553
721,HW,137,6.1999998,0
722,CW,267,23.2000008,134.339
723,HW,24,8.8999996,9.873
724,SS,10,3.3,0
725,CW,357,22.1000004,129.613
726,CW,187,10.1000004,0
727,HW,257,29.2999992,251.493
728,,0,0,0
729,HW,227,29.3999996,383.611
730,CW,244,41,335.523
731,CW,217,17.2000008,69.956
732,CW,307,17.1000004,70.255
733,HW,273,33.0999985,454.62
734,CW,307,18.1000004,50.947
735,HW,282,16.1000004,70.316
736,SS,203,33.2000008,357.953
737,PLC,107,2,0
738,SS,16,3.8,0
739,HW,207,14.1999998,84.328
740,HW,12,3.5,0
741,HW,207,24.3999996,156.205
742,CW,332,25.2000008,128.17
743,HW,357,32.2000008,220.271
744,HW,327,32.2000008,357.402
745,PLC,107,2,0
746,CW,147,23.5,133.097
747,HW,287,34.2999992,221.818
748,CW,307,23.2000008,117.749
749,CW,167,31.5,260.138
750,YC,257,11.1000004,39.544
751,HW,297,27.2000008,209.751
752,HW,307,33.2000008,375.322
753,HW,207,32.4000015,399.693
754,CW,267,17.1000004,84.085
755,HW,307,31.2000008,223.419
756,SS,7,1.1,0
757,HW,287,34.2999992,369.528
758,CW,167,7.0999999,0
759,CW,357,25.1000004,175.472
760,,0,0,0
761,CW,217,15.1999998,46.665
762,HW,357,38.2000008,483.707
763,CW,187,21.2999992,78.239
764,HW,247,28.2999992,367.836
765,CW,167,16.2999992,48.136
766,SS,7,1.1,0
767,CW,297,17.1000004,30.971
768,CW,227,15.1999998,57.247
769,CW,217,11.1000004,40.397
770,CW,332,30.2000008,238.244
771,HW,387,36.2000008,376.461
772,SS,247,34.4000015,338.929
773,HW,25,9.3999996,19.239
774,CW,257,16.1000004,54.089
775,CW,332,27.2000008,92.118
776,HW,307,33.2000008,302.246
777,CW,277,17.2000008,68.246
778,HW,267,33.2999992,334.694
779,HW,387,39.2000008,558.972
780,SS,34,11.8000002,48.838
781,CW,257,27.2999992,241.738
782,CW,328,24.1000004,183.877
783,CW,247,22.2000008,120.973
784,CW,357,27.2000008,168.569
785,HW,287,30.2000008,250.792
786,HW,307,31.2000008,366.767
787,HW,35,18.7999992,105.867
788,HW,29,12.5,40.349
789,CW,257,9.1000004,0.724
790,CW,337,17.1000004,64.856
791,HW,197,18.2999992,135.817
792,CW,197,12.1000004,0
793,CW,277,30.2999992,162.551
794,HW,277,30.2999992,271.43
795,CW,357,25.1000004,150.411
796,CW,182,27.3999996,254.166
797,CW,332,27.2000008,178.021
798,CW,297,32.2000008,203.462
799,HW,243,27.1000004,267.348
800,CW,277,19.2000008,85.863
801,CW,307,18.1000004,69.764
802,HW,31,11.1000004,26.561
803,CW,287,30.2000008,198.773
804,CW,307,32.2000008,194.605
805,PLC,122,3.2,0
806,HW,237,28.2999992,183.702
807,HW,307,29.2000008,243.411
808,HW,200,23.6000004,225.882
809,PLC,127,4.1999998,0
810,HW,337,38.2000008,427.482
811,CW,267,21.2000008,81.832
812,SS,247,40.4000015,73.11
813,HW,12,2.9000001,0
814,CW,207,9.1000004,1.069
815,YC,307,14.1000004,29.548
816,CW,267,22.2000008,118.553
817,DR,21,16,120.365
818,PLC,107,1.5,0
819,CW,127,5.0999999,0
820,PLC,137,2,0
821,YC,327,13.1000004,65.964
822,PLC,107,1.5,0
823,SS,307,37.2999992,466.66
824,CW,272,28.1000004,219.254
825,CW,332,28.2000008,178.21
826,PLC,122,3.7,0
827,HW,327,33.2000008,401.825
828,CW,357,19.1000004,54.65
829,CW,267,27.2000008,195.1
830,HW,287,33.2999992,435.322
831,YC,367,17.7000008,110.503
832,CW,267,26.2000008,211.848
833,HW,247,27.2999992,287.121
834,SS,11,2.3,0
835,HW,247,20.2000008,69.883
836,HW,207,32.4000015,399.693
837,HW,117,20.7999992,117.057
838,CW,237,24.2999992,143.296
839,CW,357,24.1000004,116.884
840,HW,29,12.5,39.246
841,CW,277,22.2000008,135.231
842,HW,297,30.2000008,360.237
843,HW,307,35.2999992,329.728
844,HW,307,37.2999992,483.065
845,HW,267,28.2999992,297.234
846,CW,217,12.1000004,45.437
847,CW,332,25.2000008,128.17
848,PLC,107,1.5,0
849,CW,217,11.1000004,0
850,CW,353,19.1000004,72.051
851,CW,277,18.2000008,100.472
852,HW,357,38.2000008,361.168
853,HW,297,33.2000008,331.73
854,HW,267,33.2999992,538.176
855,CW,357,19.1000004,54.65
856,PLC,117,1.5,0
857,CW,277,27.2000008,153
858,CW,257,17.2000008,56.207
859,CW,357,24.1000004,104.472
860,HW,277,32.2999992,387.499
861,SS,6,0.6,0
862,HW,257,20.2000008,150.233
863,CW,357,23.1000004,90.604
864,CW,267,24.2000008,203.187
865,HW,307,33.2000008,353.892
866,YC,267,9.1000004,0.265
867,CW,332,23.1000004,161.687
868,HW,17,5.0999999,0
869,PLC,167,5.1999998,0
870,CW,277,27.2000008,233.339
871,PLC,137,3.0999999,0
872,CW,357,22.1000004,98.531
873,HW,167,24.5,279.493
874,SS,267,49.2999992,651.341
875,HW,297,32.2000008,287.83
876,HW,307,32.2000008,371.343
877,SS,32,16,64.101
878,HW,367,39.2000008,309.892
879,HW,257,23.2000008,210.869
880,,0,0,0
881,HW,387,43.2000008,465.927
882,HW,31,11.1000004,26.41
883,HW,332,35.2000008,235.755
884,SS,237,34.4000015,331.44
885,YC,197,13.6999998,129.247
886,CW,307,18.1000004,64.518
887,HW,347,38.2000008,483.223
888,HW,297,28.2000008,257.932
889,,0,0,0
890,HW,337,35.2000008,386.175
891,PLC,132,6.3000002,0
892,HW,287,27.2000008,248.615
893,CW,267,19.2000008,114.569
894,SS,35,12.3000002,79.513
895,CW,193,30.2000008,237.926
896,HW,367,34.2000008,307.063
897,PLC,107,5.3000002,0
898,YC,287,13.1000004,54.145
899,HW,237,28.2999992,328.584
900,HW,227,28.2999992,303.334
901,PLC,167,3,0
902,CW,207,10.1000004,0
903,HW,197,14.1999998,57.148
904,CW,227,16.2000008,64.332
905,CW,307,23.2000008,121.201
906,HW,307,23.2000008,237.421
907,HW,187,20.3999996,165.152
908,HW,332,25.2000008,174.748
909,HW,367,41.2000008,667.723
910,HW,267,24.2000008,161.655
911,CW,332,21.1000004,95.141
912,SS,332,35.2999992,370.757
913,CW,257,16.1000004,59.952
914,HW,297,30.2000008,360.237
915,CW,297,17.1000004,85.35
916,HW,267,33.2999992,338.132
917,CW,267,22.2000008,121.592
918,SS,5,0.8,0
919,SS,4,0.4,0
920,HW,357,37.2000008,373.094
921,HW,287,30.2000008,258.616
922,HW,3,0.3,0
923,CW,257,15.1000004,88.479
924,CW,332,21.1000004,79.38
925,HW,7,1.2,0
926,CW,357,16.1000004,68.076
927,HW,21,7.0999999,0
928,HW,337,35.2000008,436.914
929,CW,167,17.2999992,80.743
930,CW,287,27.2000008,268.503
931,CW,277,26.2000008,169.617
932,DR,67,24.6000004,160.68
933,HW,6,1.2,0
934,CW,227,14.1999998,45.743
935,CW,282,18.1000004,74.511
936,CW,3,0.4,0
937,HW,237,23.2999992,188.19
938,HW,307,30.2000008,299.517
939,CW,332,28.2000008,158.9
940,YC,207,7.0999999,0
941,CW,357,12.1000004,3.928
942,CW,257,16.1000004,67.616
943,CW,287,30.2000008,182.176
944,HW,223,25.1000004,279.033
945,HW,18,6.1999998,0
946,HW,257,32.2999992,355.912
947,HW,237,27.2999992,213.144
948,CW,332,22.1000004,114.259
949,SS,25,7.8000002,2.364
950,CW,157,2,0
951,CW,163,33.2999992,207.73
952,CW,162,33.2000008,207.342
953,CW,332,15.1000004,33.118
954,YC,277,12.1000004,20.221
955,HW,253,22.1000004,136.379
956,CW,157,8.1000004,0
957,CW,307,17.1000004,54.827
958,,0,0,0
959,HW,337,35.2000008,439.455
960,CW,357,18.1000004,82.052
961,PLC,107,1.5,0
962,HW,237,25.2999992,234.095
963,CW,207,1,0
964,HW,287,31.2000008,372.196
965,HW,347,34.2000008,435.984
966,HW,27,14.1999998,95.424
967,CW,307,23.2000008,121.201
968,YC,307,19.1000004,82.23
969,HW,17,6.6999998,0
970,HW,307,38.2999992,383.81
971,CW,332,18.1000004,63.775
972,HW,18,6.4000001,0
973,CW,307,28.2000008,143.778
974,SS,357,39.2000008,478.924
975,CW,267,25.2000008,143.958
976,HW,257,22.2000008,165.406
977,CW,332,26.2000008,157.246
978,DR,25,17.1000004,84.239
979,PLC,107,1.5,0
980,CW,207,20.2000008,101.07
981,HW,332,38.2000008,249.493
982,HW,357,34.2000008,359.733
983,CW,207,5,0
984,CW,243,24.1000004,209.473
985,CW,297,17.1000004,60.562
986,CW,332,24.1000004,117.858
987,YC,277,14.1000004,55.133
988,HW,327,33.2000008,403.364
989,HW,367,39.2000008,579.49
990,YC,197,7.0999999,1.191
991,SS,227,33.5,429.78
992,HW,247,22.2999992,181.007
993,SS,183,27.2999992,340.989
994,CW,247,7.0999999,0
995,SS,3,0.3,0
996,CW,257,27.2999992,195.524
997,CW,257,17.2000008,78.667
998,CW,147,10.1999998,0
999,YC,257,11.1000004,36.085
1000,CW,307,23.2000008,100.501
1001,CW,177,9.1000004,14.596
1002,PLC,117,3.2,0
1003,YC,227,12.1000004,29.988
1004,CW,297,29.2000008,212.501
1005,HW,223,23.1000004,193.222
1006,CW,147,19.3999996,96.303
1007,HW,307,31.2000008,393.053
1008,HW,227,26.2999992,329.335
1009,HW,307,34.2000008,367.304
1010,CW,257,15.1000004,72.529
1011,CW,207,18.2000008,69.301
1012,SS,332,35.2999992,376.498
1013,HW,307,33.2000008,355.135
1014,PLC,117,1.5,0
1015,PLC,107,5.3000002,0
1016,HW,307,31.2000008,451.508
1017,HW,167,16.3999996,111.921
1018,CW,267,21.2000008,124.466
1019,CW,207,14.1000004,69.94
1020,HW,377,39.2000008,576.609
1021,SS,157,33.7999992,274.899
1022,SS,297,39.2999992,386.957
1023,HW,247,21.2000008,145.563
1024,CW,277,28.2999992,199.157
1025,SS,33,11.3999996,46.105
1026,CW,247,13.1000004,10.523
1027,PLC,107,3.2,0
1028,HW,20,6.9000001,0
1029,PLC,147,3.0999999,0
1030,HW,357,37.2000008,347.373
1031,HW,347,34.2000008,304.25
1032,CW,282,24.2000008,128.489
1033,CW,187,23.2999992,123.937
1034,CW,277,19.2000008,77.008
1035,HW,287,26.2000008,201.8
1036,CW,307,16.1000004,61.583
1037,HW,21,7.4000001,2.065
1038,HW,33,12.6000004,31.581
1039,CW,353,16,96.073
1040,HW,237,29.2999992,356.584
1041,PLC,117,2.5999999,0
1042,,0,0,0
1043,CW,273,20.1000004,106.295
1044,HW,29,12.5,40.349
1045,YC,367,17.1000004,74.008
1046,CW,267,16.2000008,72.453
1047,HW,307,30.2000008,381.521
1048,CW,282,18.1000004,55.774
1049,CW,207,2,0
1050,CW,157,3,0
1051,HW,5,0.8,0
1052,SS,357,45.2000008,503.107
1053,PLC,157,6.1999998,0
1054,YC,287,17.1000004,65.801
1055,HW,367,37.2000008,601.712
1056,HW,12,4.0999999,0
1057,SS,16,3.8,0
1058,CW,222,16.2000008,73.955
1059,CW,332,21.1000004,79.38
1060,PLC,117,2.5999999,0
1061,CW,293,30.1000004,261.466
1062,SS,297,36.2999992,378.489
1063,CW,147,21.5,114.162
1064,CW,307,13.1000004,30.518
1065,CW,207,1,0
1066,SS,267,29.3999996,318.525
1067,CW,332,18.1000004,63.775
1068,HW,227,26.2999992,229.93
1069,PLC,127,4.1999998,0
1070,HW,277,24.2000008,170.169
1071,HW,307,33.2000008,403.114
1072,CW,307,26.2000008,122.174
1073,HW,332,36.2000008,429.884
1074,HW,267,29.2999992,395.773
1075,YC,247,18.2000008,87.368
1076,HW,307,33.2000008,356.72
1077,HW,21,9.5,13.557
1078,HW,247,28.2999992,287.372
1079,CW,332,24.1000004,97.965
1080,CW,332,31.2000008,225.024
1081,HW,307,38.2999992,393.913
1082,YC,267,9.1000004,0
1083,SS,127,28,327.52
1084,HW,267,25.2000008,239.411
1085,PLC,167,5.1999998,0
1086,CW,267,21.2000008,107.135
1087,CW,277,21.2000008,130.607
1088,CW,267,18.2000008,114.851
1089,HW,277,30.2999992,251.929
1090,HW,22,7.8000002,6.241
1091,HW,267,25.2000008,180.09
1092,HW,307,18.2000008,92.34
1093,HW,15,4.0999999,0
1094,CW,257,17.2000008,83.753
1095,YC,287,14.1000004,55.443
1096,HW,307,21.2000008,118.587
1097,CW,223,13.1000004,62.642
1098,CW,332,18.1000004,51.612
1099,CW,257,18.2000008,67.388
1100,PLC,117,2,0
1101,PLC,147,2,0
1102,CW,357,32.2000008,156.811
1103,PLC,122,2,0
1104,,0,0,0
1105,HW,31,10.1999998,37.797
1106,HW,5,0.6,0
1107,CW,267,18.2000008,102.016
1108,HW,357,39.2000008,508.734
1109,CW,187,16.2000008,57.135
1110,CW,207,20.2000008,128.157
1111,HW,357,29.2000008,214.938
1112,HW,10,2.5,0
1113,HW,307,31.2000008,300.337
1114,CW,207,23.2000008,114.206
1115,CW,257,25.2000008,185.256
1116,CW,277,17.2000008,66.995
1117,PLC,107,1.5,0
1118,CW,396,34.7000008,691.674
1119,CW,267,19.2000008,96.131
1120,HW,307,26.2000008,202.208
1121,CW,297,28.2000008,195.864
1122,PLC,107,1.5,0
1123,HW,307,38.2999992,383.81
1124,HW,227,34.4000015,435.016
1125,HW,257,32.2999992,358.626
1126,CW,177,8.1000004,0
1127,HW,407,43.2000008,628.371
1128,HW,267,22.2000008,117.34
1129,CW,332,28.2000008,159.446
1130,HW,257,22.2000008,182.226
1131,YC,227,12.1000004,26.649
1132,HW,267,25.2000008,227.042
1133,CW,287,30.2000008,228.259
1134,CW,332,27.2000008,175.269
1135,HW,227,20.2999992,131.291
1136,HW,347,35.2000008,354.566
1137,SS,247,38.4000015,646.228
1138,CW,357,21.1000004,93.655
1139,CW,3,0.4,0
1140,SS,227,36.5,517.297
1141,HW,287,36.2999992,464.137
1142,HW,257,26.2999992,271.559
1143,PLC,147,3.0999999,0
1144,CW,277,22.2000008,99.599
1145,HW,357,34.2000008,356.448
1146,SS,357,40.2000008,562.29
1147,CW,167,20.2999992,147.09
1148,CW,307,24.2000008,135.737
1149,CW,247,21.2000008,108.778
1150,HW,25,9.3999996,19.154
1151,CW,332,22.1000004,99.624
1152,PLC,107,5.3000002,0
1153,YC,407,18.1000004,99.255
1154,CW,207,10.1000004,0
1155,HW,24,9.8000002,13.999
1156,CW,277,23.2000008,107.203
1157,CW,267,21.2000008,92.938
1158,CW,267,19.2000008,93.186
1159,SS,307,37.2999992,390.028
1160,CW,357,20.1000004,74.85
1161,HW,12,4.9000001,0
1162,SS,34,14.3999996,76.44
1163,SS,287,39.2999992,457.738
1164,CW,332,30.2000008,209.434
1165,HW,277,29.2999992,228.165
1166,HW,277,21.2000008,148.223
1167,HW,87,15.8999996,75.949
1168,CW,167,17.2999992,82.292
1169,HW,24,8.1000004,6.634
1170,SS,257,35.4000015,552.083
1171,PLC,117,3.2,0
1172,CW,187,18.2000008,54.815
1173,CW,207,10.1000004,1.31
1174,PLC,147,2.5,0
1175,HW,267,29.2999992,248.648
1176,CW,307,27.2000008,148.791
1177,PLC,127,4.1999998,0
1178,SS,32,11.5,55.19
1179,CW,267,18.2000008,64.985
1180,SS,10,1.8,0
1181,CW,267,19.2000008,81.7
1182,HW,277,25.2000008,179.071
1183,HW,17,5.4000001,0
1184,CW,327,31.2000008,155.056
1185,HW,247,28.2999992,264.127
1186,PLC,117,2,0
1187,CW,263,28.1000004,175.308
1188,HW,247,30.2999992,350.566
1189,HW,307,34.2000008,392.402
1190,CW,277,22.2000008,107.356
1191,CW,332,28.2000008,164.094
1192,HW,21,6.6999998,0
1193,CW,257,16.1000004,66.806
1194,PLC,127,3.2,0
1195,SS,4,0.4,0
1196,CW,287,18.1000004,79.929
1197,SS,247,37.4000015,565.868
1198,CW,307,23.2000008,89.274
1199,CW,353,18,86.826
1200,HW,32,14,48.731
1201,HW,19,6.4000001,0
1202,HW,137,11.3000002,22.005
1203,CW,217,12.1000004,0
1204,HW,187,23.3999996,282.426
1205,HW,197,20.2999992,144.06
1206,PLC,107,1.5,0
1207,HW,327,35.2000008,438.196
1208,CW,163,33.2999992,207.73
1209,HW,277,30.2999992,301.08
1210,CW,167,10.1999998,11.554
1211,PLC,107,2,0
1212,CW,332,26.2000008,157.246
1213,HW,307,34.2000008,516.36
1214,CW,247,27.2999992,236.02
1215,HW,237,23.2999992,193.641
1216,CW,332,22.1000004,104.331
1217,HW,287,37.2999992,347.425
1218,CW,267,31.2999992,281.862
1219,CW,277,21.2000008,99.609
1220,HW,267,21.2000008,81.944
1221,CW,307,40.2999992,465.527
1222,YC,347,15.1000004,82.846
1223,CW,332,15.1000004,33.118
1224,CW,177,10.1000004,0
1225,HW,307,34.2000008,467.816
1226,CW,222,11.1000004,31.174
1227,HW,332,25.2000008,157.682
1228,CW,257,17.2000008,53.869
1229,CW,307,16.1000004,54.204
1230,PLC,117,2,0
1231,HW,227,18.2000008,56.525
1232,HW,277,33.2999992,313.201
1233,DR,32,20.2000008,192.889
1234,HW,367,36.2000008,447.457
1235,CW,307,18.1000004,63.523
1236,CW,257,17.2000008,95.507
1237,HW,287,35.2999992,453.769
1238,HW,307,34.2000008,366.787
1239,YC,307,13.1000004,66.213
1240,HW,227,33.4000015,311.64
1241,SS,267,40.2999992,558.589
1242,HW,207,32.4000015,399.693
1243,CW,357,21.1000004,122.782
1244,HW,227,16.2000008,85.968
1245,CW,297,23.2000008,132.537
1246,CW,267,20.2000008,70.405
1247,PLC,107,1.5,0
1248,CW,137,6.0999999,0
1249,HW,357,37.2000008,321.942
1250,HW,367,35.2000008,400.432
1251,SS,307,35.2999992,470.23
1252,YC,247,18.2000008,87.368
1253,CW,267,28.2999992,207.76
1254,CW,307,15.1000004,40.374
1255,HW,11,2.2,0
1256,CW,157,5.0999999,0
1257,DR,24,16,88.431
1258,HW,22,7.1999998,0
1259,CW,357,15.1000004,4.732
1260,PLC,117,2,0
1261,CW,332,27.2000008,195.03
1262,CW,307,20.1000004,74.715
1263,HW,277,32.2999992,219.829
1264,CW,267,15.1000004,74.467
1265,CW,277,18.2000008,66.252
1266,CW,267,19.2000008,68.715
1267,CW,357,23.1000004,125.254
1268,HW,287,27.2000008,209.672
1269,HW,325,28.2000008,259.258
1270,CW,277,30.2999992,162.551
1271,YC,287,12.1000004,22.929
1272,HW,247,29.2999992,250.322
1273,YC,277,12.1000004,41.569
1274,CW,332,25.2000008,107.657
1275,YC,267,11.1000004,16.517
1276,SS,32,11.5,55.426
1277,SS,267,48.2999992,654.365
1278,CW,307,18.1000004,69.764
1279,HW,24,8.1000004,6.634
1280,CW,237,15.1999998,65.835
1281,,0,0,0
1282,,0,0,0
1283,HW,357,39.2000008,380.365
1284,CW,257,16.1000004,50.086
1285,HW,277,28.2000008,179.068
1286,HW,267,30.2999992,256.873
1287,CW,307,26.2000008,177.589
1288,HW,31,13.5,94.029
1289,HW,35,13.3999996,44.586
1290,CW,164,22,88.626
1291,CW,297,23.2000008,141.371
1292,HW,277,27.2000008,274.15
1293,CW,307,18.1000004,80.714
1294,HW,247,21.2000008,172.036
1295,HW,22,11.5,34.241
1296,CW,267,21.2000008,117.065
1297,PLC,107,5.3000002,0
1298,CW,257,7.0999999,0
1299,CW,247,17.2000008,61.475
1300,HW,347,34.2000008,460.254
1301,YC,307,16.1000004,66.484
1302,HW,237,22.2999992,183.554
1303,SS,257,36.4000015,498.033
1304,CW,332,21.1000004,88.021
1305,CW,267,15.1000004,52.128
1306,CW,297,30.2000008,217.684
1307,CW,327,30.2000008,189.279
1308,YC,277,14,48.305
1309,HW,267,29.2999992,352.757
1310,HW,20,5.6999998,0
1311,PLC,107,1.5,0
1312,PLC,117,1.5,0
1313,HW,12,4.9000001,0
1314,HW,247,21.2000008,157.513
1315,CW,307,24.2000008,125.283
1316,CW,307,23.2000008,115.441
1317,CW,247,17.2000008,70.658
1318,HW,357,36.2000008,422.002
1319,HW,307,31.2000008,348.539
1320,HW,387,38.2000008,551.117
1321,HW,337,36.2000008,381.848
1322,HW,307,33.2000008,349.815
1323,CW,227,16.2000008,67.314
1324,CW,307,23.2000008,117.749
1325,SS,297,40.2999992,398.912
1326,CW,217,17.2000008,69.956
1327,HW,19,7.9000001,5.755
1328,CW,277,26.2000008,169.617
1329,CW,307,19.1000004,106.998
1330,PLC,107,2,0
1331,HW,337,33.2000008,349.99
1332,YC,297,15.1000004,57.484
1333,HW,3,0.3,0
1334,CW,247,15.1999998,68.24
1335,CW,237,20.2000008,107.812
1336,YC,307,15.1000004,74.223
1337,PLC,117,3.2,0
1338,HW,127,25.7999992,237.692
1339,CW,307,21.1000004,94.593
1340,HW,323,34.0999985,560.047
1341,SS,227,34.5,384.091
1342,YC,307,15.1000004,42.347
1343,HW,337,35.2000008,330.634
1344,CW,307,18.1000004,73.723
1345,CW,157,10.1999998,0.241
1346,CW,297,26.2000008,165.484
1347,CW,332,25.2000008,130.642
1348,CW,127,7.1999998,0
1349,CW,337,17.1000004,64.856
1350,HW,11,2.0999999,0
1351,PLC,117,2.5999999,0
1352,CW,167,8.1000004,14.741
1353,CW,357,23.1000004,106.427
1354,HW,307,34.2000008,367.955
1355,HW,22,7.5,3.002
1356,SS,377,34.2000008,479.765
1357,HW,332,32.2000008,213.787
1358,CW,287,18.1000004,79.773
1359,CW,267,19.2000008,84.317
1360,PLC,137,2.5,0
1361,CW,307,23.2000008,106.849
1362,PLC,147,2.5,0
1363,DR,87,27.3999996,380.758
1364,HW,23,8.3999996,8.325
1365,CW,357,20.1000004,58.532
1366,HW,267,23.2000008,147.695
1367,CW,307,12.1000004,21.399
1368,SS,236,39.4000015,528.747
1369,HW,32,11.5,49.202
1370,YC,357,19.1000004,118.866
1371,,0,0,0
1372,HW,277,30.2999992,344.878
1373,HW,257,30.2999992,322.343
1374,HW,357,20.1000004,83.734
1375,CW,227,16.2000008,67.314
1376,CW,127,3,0
1377,HW,347,32.2000008,438.429
1378,HW,307,32.2000008,281.845
1379,CW,267,19.2000008,99.363
1380,YC,267,10.1000004,27.693
1381,HW,12,3.4000001,0
1382,HW,325,33.2000008,306.936
1383,HW,367,37.2000008,568.886
1384,HW,297,29.2000008,267.63
1385,CW,307,18.1000004,53.385
1386,HW,347,34.2000008,304.24
1387,CW,297,17.1000004,60.562
1388,CW,267,24.2000008,186.476
1389,HW,29,12.6999998,35.987
1390,HW,307,32.2000008,309.913
1391,YC,367,18.1000004,85.072
1392,CW,237,20.2000008,104.037
1393,CW,267,17.1000004,89.924
1394,HW,25,14,52.265
1395,CW,247,21.2000008,135.311
1396,SS,267,39.2999992,432.544
1397,HW,267,22.2000008,138.389
1398,PLC,147,2,0
1399,CW,257,17.2000008,75.315
1400,PLC,117,2,0
1401,,0,0,0
1402,HW,227,18.2000008,67.327
1403,HW,187,19.3999996,107.331
1404,CW,277,30.2999992,162.551
1405,CW,332,18.1000004,63.096
1406,HW,14,3.8,0
1407,CW,207,5,0
1408,CW,357,23.1000004,122.169
1409,SS,257,41.4000015,727.688
1410,YC,307,15.1000004,60.879
1411,CW,357,30.2000008,242.039
1412,CW,277,25.2000008,176.503
1413,CW,332,28.2000008,188.303
1414,HW,325,35.2000008,254.345
1415,HW,33,12.6000004,35.703
1416,HW,21,7.4000001,1.667
1417,CW,277,18.2000008,66.252
1418,CW,282,16.1000004,65.924
1419,PLC,147,2,0
1420,CW,332,27.2000008,178.636
1421,CW,257,18.2000008,97.095
1422,HW,233,27.1000004,293.363
1423,CW,257,15.1000004,79.588
1424,CW,307,14.1000004,37.137
1425,,0,0,0
1426,HW,117,13.5,61.19
1427,HW,247,17.2000008,68.668
1428,HW,6,0.9,0
1429,YC,350,12.5,35.739
1430,CW,332,31.2000008,192.721
1431,SS,357,45.2000008,501.341
1432,CW,287,24.2000008,142.033
1433,HW,307,38.2999992,400.379
1434,SS,9,2.0999999,0
1435,HW,24,11,18.918
1436,CW,127,7.1999998,0
1437,HW,247,16.2000008,47.493
1438,CW,217,11.1000004,0
1439,CW,332,35.2000008,221.101
1440,CW,217,11.1000004,14.819
1441,HW,327,32.2000008,352.767
1442,HW,247,28.2999992,244.422
1443,DR,31,19.8999996,55.771
1444,HW,17,5.5999999,0
1445,CW,137,6.0999999,0
1446,HW,277,32.2999992,387.499
1447,SS,4,0.4,0
1448,SS,287,41.2999992,612.264
1449,YC,307,16.1000004,56.713
1450,CW,332,27.2000008,175.269
1451,HW,267,30.2999992,303.288
1452,,0,0,0
1453,HW,257,32.2999992,389.904
1454,HW,287,31.2000008,314.077
1455,SS,259,48.5999985,699.532
1456,CW,362,24.7999992,228.474
1457,YC,147,6.0999999,0
1458,SS,287,40.2999992,494.802
1459,CW,397,48.2000008,229.405
1460,CW,297,30.2000008,223.458
1461,CW,267,15.1000004,54.336
1462,HW,163,33.2999992,526.49
1463,HW,307,33.2000008,345.234
1464,HW,297,30.2000008,230.464
1465,CW,277,28.2999992,199.157
1466,HW,117,15.6000004,52.105
1467,CW,277,25.2000008,182.766
1468,HW,337,33.2000008,324.382
1469,PLC,107,1.5,0
1470,HW,327,33.2000008,400.968
1471,CW,332,27.2000008,175.269
1472,HW,19,6.4000001,0
1473,HW,247,30.2999992,308.817
1474,CW,282,18.1000004,94.513
1475,CW,332,22.1000004,76.619
1476,PLC,117,2,0
1477,CW,267,29.2999992,238.437
1478,CW,267,15.1000004,70.912
1479,SS,267,39.2999992,434.539
1480,HW,36,15.8999996,54.335
1481,HW,18,5.4000001,0
1482,HW,347,36.2000008,337.793
1483,CW,267,19.2000008,81.918
1484,CW,357,28.1000004,155.089
1485,HW,367,42.2000008,493.036
1486,HW,297,37.2999992,422.893
1487,HW,332,25.2000008,157.682
1488,HW,167,16.3999996,73.167
1489,CW,243,24.1000004,209.473
1490,HW,6,0.9,0
1491,HW,24,8.8999996,7.199
1492,CW,332,15.1000004,21.826
1493,SS,217,33.5,309.461
1494,SS,367,24.2999992,205.241
1495,CW,167,31.5,260.138
1496,HW,12,3,0
1497,CW,332,21.1000004,80.435
1498,CW,267,19.2000008,88.408
1499,CW,307,18.1000004,51.244
1500,PLC,127,4.1999998,0
1501,SS,207,35.5,417.583
1502,HW,367,39.2000008,597.569
1503,CW,277,23.2000008,107.349
1504,PLC,127,2,0
1505,CW,307,18.1000004,64.772
1506,HW,11,2.8,0
1507,YC,222,16.1000004,88.377
1508,CW,307,22.2000008,95.099
1509,HW,297,37.2999992,484.176
1510,PLC,107,4.3000002,0
1511,CW,257,8.1000004,0.581
1512,,0,0,0
1513,CW,267,17.1000004,75.095
1514,HW,307,24.2000008,153.228
1515,CW,277,27.2000008,127.174
1516,HW,227,24.2999992,116.868
1517,CW,257,18.2000008,94.314
1518,HW,237,30.2999992,306.925
1519,HW,347,33.2000008,368.208
1520,HW,307,28.2000008,198.027
1521,CW,277,28.2999992,228.147
1522,SS,307,40.2999992,534.525
1523,CW,267,19.2000008,84.779
1524,HW,237,23.2999992,223.004
1525,CW,357,37.2000008,270.585
1526,HW,387,41.2000008,425.27
1527,SS,257,40.4000015,794.504
1528,CW,332,27.2000008,175.269
1529,CW,157,8.1000004,0
1530,CW,332,20.1000004,105.031
1531,HW,267,28.2999992,297.234
1532,HW,317,33.2000008,352.037
1533,HW,17,5.9000001,0
1534,HW,18,5.9000001,0
1535,HW,357,35.2000008,276.49
1536,CW,197,20.2000008,118.421
1537,SS,10,3.3,0
1538,HW,307,43.2999992,523.869
1539,SS,353,38.0999985,505.009
1540,HW,367,34.2000008,458.14
1541,CW,307,17.1000004,49.576
1542,SS,263,32.2000008,402.711
1543,HW,327,35.2000008,496.087
1544,HW,307,31.2000008,223.419
1545,CW,307,19.1000004,62.783
1546,HW,307,34.2000008,519.54
1547,CW,332,25.2000008,150.218
1548,SS,17,4.3000002,0
1549,HW,167,15.3000002,63.717
1550,DR,24,16,126.768
1551,HW,247,23.2999992,173.593
1552,PLC,117,2,0
1553,CW,227,16.2000008,63.578
1554,DR,87,26.3999996,296.827
1555,PLC,117,1.5,0
1556,CW,267,19.2000008,135.625
1557,HW,307,33.2000008,406.091
1558,HW,267,30.2999992,187.896
1559,HW,307,30.2000008,297.493
1560,SS,243,35.2000008,576.497
1561,CW,207,19.2000008,94.077
1562,PLC,117,1.5,0
1563,CW,307,14.1000004,37.137
1564,CW,207,3,0
1565,SS,357,42.2000008,592.369
1566,PLC,127,4.1999998,0
1567,SS,147,20.7999992,153.307
1568,HW,227,19.2000008,124.477
1569,HW,257,20.2000008,91.962
1570,CW,307,14.1000004,21.314
1571,HW,207,23.2999992,149.662
1572,CW,303,20.1000004,108.111
1573,SS,357,38.2000008,375.93
1574,YC,337,15.1000004,57.378
1575,HW,22,9.3999996,11.046
1576,PLC,122,2.5,0
1577,CW,305,25.2000008,184.349
1578,CW,227,18.2000008,92.056
1579,SS,247,41.4000015,664.043
1580,YC,287,13.1000004,45.631
1581,HW,237,15.1999998,61.517
1582,HW,287,27.2000008,209.672
1583,HW,237,27.2999992,354.005
1584,SS,357,44.2000008,510.256
1585,PLC,107,2,0
1586,SS,307,40.2999992,534.525
1587,CW,247,16.2000008,85.879
1588,HW,23,7.5999999,2.476
1589,CW,307,18.1000004,64.772
1590,HW,247,19.2000008,142.788
1591,CW,167,17.2999992,82.292
1592,CW,277,22.2000008,81.966
1593,CW,267,22.2000008,112.828
1594,HW,18,7.3000002,0
1595,CW,307,21.1000004,106.399
1596,HW,227,33.4000015,311.64
1597,HW,17,5.5999999,0
1598,CW,223,17.1000004,75.964
1599,CW,307,21.1000004,112.892
1600,CW,277,27.2000008,158.029
1601,CW,307,26.2000008,177.589
1602,CW,307,18.1000004,64.772
1603,YC,327,14.1000004,37.366
1604,PLC,157,2,0
1605,HW,277,22.2000008,122.103
1606,CW,282,27.2000008,170.729
1607,CW,353,21.1000004,87.36
1608,HW,277,31.2999992,371.872
1609,SS,307,53.2000008,620.294
1610,HW,17,5.4000001,0
1611,HW,307,34.2000008,391.57
1612,CW,227,17.2000008,61.398
1613,CW,267,28.2999992,163.309
1614,CW,227,17.2000008,62.779
1615,CW,307,20.1000004,83.603
1616,CW,207,15.1999998,12.043
1617,HW,287,32.2999992,288.105
1618,CW,217,12.1000004,0
1619,CW,257,26.2999992,167.669
1620,YC,157,4.0999999,0
1621,HW,357,35.2000008,434.952
1622,CW,227,15.1999998,81.058
1623,PLC,117,1.5,0
1624,HW,347,35.2000008,383.07
1625,CW,357,24.1000004,115.531
1626,CW,357,20.1000004,93.841
1627,HW,277,22.2000008,129.658
1628,HW,337,35.2000008,377.336
1629,HW,307,34.2000008,367.955
1630,CW,327,30.2000008,255.504
1631,CW,257,21.2000008,116.276
1632,CW,237,20.2000008,70.801
1633,SS,9,2.0999999,0
1634,HW,5,0.8,0
1635,HW,267,21.2000008,158.155
1636,PLC,107,5.3000002,0
1637,CW,332,27.2000008,175.269
1638,CW,227,15.1999998,81.058
1639,HW,267,30.2999992,257.358
1640,HW,277,33.2999992,279.545
1641,YC,257,15.1000004,74.028
1642,CW,307,19.1000004,83
1643,CW,332,24.1000004,126.82
1644,HW,330,21.1000004,186.651
1645,,0,0,0
1646,HW,177,25.5,137.539
1647,CW,207,4,0
1648,SS,10,1.8,0
1649,CW,227,15.1999998,76.106
1650,CW,257,21.2000008,121.408
1651,CW,267,25.2000008,161.526
1652,HW,257,30.2999992,368.713
1653,CW,357,27.2000008,155.445
1654,CW,267,19.2000008,111.194
1655,CW,267,25.2000008,205.726
1656,,0,0,0
1657,,0,0,0
1658,CW,247,16.2000008,86.776
1659,HW,21,8,7.497
1660,,0,0,0
1661,HW,347,35.2000008,411.105
1662,CW,307,18.1000004,69.764
1663,HW,307,31.2000008,321.462
1664,CW,227,17.2000008,90.885
1665,HW,367,35.2000008,434.509
1666,HW,337,37.2000008,417.127
1667,HW,267,19.2000008,103.92
1668,HW,5,0.6,0
1669,CW,167,19.2999992,114.276
1670,HW,6,0.9,0
1671,HW,217,19.2999992,94.794
1672,,0,0,0
1673,HW,357,34.2000008,352.342
1674,HW,267,26.2000008,141.249
1675,HW,283,35.0999985,622.259
1676,CW,237,20.2000008,128.937
1677,CW,197,20.2000008,118.421
1678,CW,247,24.2999992,161.11
1679,SS,277,45.2999992,706.763
1680,HW,347,32.2000008,353.32
1681,CW,243,24.1000004,209.473
1682,HW,267,22.2000008,111.386
1683,CW,287,23.2000008,110.703
1684,CW,267,13.1000004,43.736
1685,CW,307,18.1000004,64.518
1686,HW,307,33.2000008,379.948
1687,CW,267,20.2000008,103.92
1688,CW,167,21.3999996,91.833
1689,CW,357,22.1000004,93.591
1690,SS,28,9.3000002,7.509
1691,CW,257,18.2000008,91.354
1692,PLC,122,4.3000002,0
1693,HW,282,13.1000004,49.947
1694,CW,167,31.5,260.138
1695,SS,267,41.2999992,563.456
1696,CW,267,21.2000008,120.005
1697,CW,257,26.2999992,180.452
1698,CW,257,24.2000008,140.748
1699,SS,297,36.2999992,513.261
1700,HW,40,14.6999998,39.543
1701,HW,12,3,0
1702,HW,297,31.2000008,286.696
1703,HW,103,20.3999996,262.745
1704,HW,237,20.2000008,160.922
1705,CW,227,18.2000008,92.056
1706,PLC,147,2,0
1707,CW,327,30.2000008,176.75
1708,HW,6,0.9,0
1709,CW,307,21.1000004,90.922
1710,CW,247,15.1999998,0
1711,HW,227,24.2999992,177.425
1712,HW,247,30.2999992,322.811
1713,CW,247,22.2000008,137.631
1714,HW,25,9.3999996,19.364
1715,CW,257,14.1000004,54.733
1716,HW,337,34.2000008,489.688
1717,CW,327,16.1000004,51.646
1718,SS,29,17,119.112
1719,SS,332,38.2000008,438.458
1720,CW,207,15.1999998,56.118
1721,CW,227,23.2999992,153.58
1722,HW,287,28.2000008,257.51
1723,CW,307,19.1000004,79.748
1724,HW,277,30.2999992,213.547
1725,CW,247,17.2000008,69.905
1726,PLC,137,1.5,0
1727,HW,307,23.2000008,170.264
1728,HW,127,27.8999996,179.597
1729,CW,332,18.1000004,76.288
1730,HW,357,31.2000008,361.202
1731,CW,157,9.1999998,0
1732,SS,267,49.2999992,651.341
1733,CW,257,19.2000008,100.795
1734,SS,307,36.2999992,421.663
1735,CW,357,20.1000004,89.587
1736,CW,307,16.1000004,71.683
1737,CW,247,16.2000008,62.614
1738,SS,187,25.6000004,237.435
1739,HW,277,26.2000008,220.152
1740,HW,283,31.1000004,280.13
1741,HW,332,33.2000008,309.137
1742,CW,247,29.2999992,182.349
1743,SS,35,17.5,102.252
1744,YC,247,10.1000004,29.94
1745,CW,277,30.2999992,221.133
1746,CW,257,20.2000008,93.51
1747,HW,21,13.6999998,11.862
1748,HW,267,28.2999992,261.661
1749,HW,19,6.4000001,0
1750,CW,307,19.1000004,96.214
1751,YC,357,15.1000004,72.027
1752,CW,357,37.2000008,347.812
1753,CW,277,27.2000008,183.337
1754,HW,247,26.2999992,252.998
1755,CW,257,20.2000008,84.79
1756,CW,267,18.2000008,79.626
1757,HW,197,31.5,403.571
1758,SS,7,1.1,0
1759,CW,353,24,194.702
1760,CW,287,19.1000004,85.622
1761,YC,327,13.1000004,65.964
1762,HW,327,31.2000008,278.49
1763,HW,26,9.8999996,13.083
1764,CW,297,21.2000008,128.164
1765,CW,257,26.2999992,112.684
1766,CW,267,33.2999992,290.875
1767,HW,287,27.2000008,271.142
1768,CW,227,16.2000008,70.392
1769,HW,117,20.7999992,116.914
1770,HW,325,35.2000008,281.861
1771,CW,227,24.2999992,159.1
1772,CW,247,16.2000008,66.99
1773,SS,297,30.2999992,299.721
1774,,0,0,0
1775,HW,307,32.2000008,309.407
1776,,0,0,0
1777,CW,247,19.2000008,81.049
1778,CW,187,22.2999992,108.925
1779,,0,0,0
1780,SS,277,44.2999992,471.616
1781,HW,117,17.6000004,103.21
1782,HW,347,37.2000008,528.976
1783,CW,257,18.2000008,71.263
1784,PLC,147,2,0
1785,CW,247,17.2000008,71.714
1786,YC,207,5,0
1787,CW,267,24.2000008,114.169
1788,SS,277,45.2999992,706.763
1789,CW,7,0.5,0
1790,HW,257,24.2000008,162.54
1791,HW,297,34.2999992,369.823
1792,PLC,117,2,0
1793,CW,267,28.2999992,214.614
1794,CW,247,19.2000008,81.049
1795,CW,167,20.2999992,131.526
1796,CW,307,24.2000008,113.611
1797,CW,267,23.2000008,129.041
1798,SS,4,0.4,0
1799,CW,267,13.1000004,30.251
1800,CW,197,17.2000008,76.146
1801,CW,267,22.2000008,114.728
1802,CW,307,18.1000004,65.093
1803,HW,277,30.2999992,301.08
1804,HW,267,31.2999992,330.575
1805,,0,0,0
1806,HW,217,25.2999992,270.974
1807,CW,357,22.1000004,109.804
1808,HW,237,23.2999992,155.626
1809,CW,257,16.1000004,80.516
1810,CW,267,24.2000008,118.461
1811,HW,257,26.2999992,299.698
1812,CW,332,21.1000004,79.38
1813,HW,267,33.2999992,414.567
1814,CW,7,0.5,0
1815,HW,277,32.2999992,387.499
1816,PLC,122,3.2,0
1817,HW,247,28.2999992,335.062
1818,HW,357,39.2000008,379.678
1819,CW,207,25.2999992,181.011
1820,HW,337,37.2000008,417.318
1821,SS,247,36.4000015,384.877
1822,PLC,107,1.5,0
1823,CW,282,17.1000004,71.347
1824,CW,287,22.2000008,70.819
1825,SS,10,3.7,0
1826,HW,287,21.2000008,84.953
1827,HW,307,23.2000008,174.103
1828,CW,357,18.1000004,56.027
1829,SS,26,12.1000004,38.59
1830,HW,357,36.2000008,395.628
1831,HW,307,33.2000008,406.698
1832,CW,177,10.1000004,1.097
1833,CW,167,9.1000004,0
1834,PLC,122,2.5,0
1835,CW,307,21.1000004,120.232
1836,CW,307,18.1000004,50.947
1837,SS,357,43.2000008,563.564
1838,CW,287,15.1000004,49.317
1839,SS,3,0.4,0
1840,CW,307,24.2000008,133.736
1841,PLC,107,1.5,0
1842,HW,27,10.8999996,33.877
1843,HW,327,34.2000008,417.873
1844,CW,207,18.2000008,69.301
1845,CW,287,21.2000008,94.788
1846,CW,177,11.1999998,0
1847,HW,247,28.2999992,335.062
1848,YC,407,21.1000004,93.892
1849,CW,257,17.2000008,89.276
1850,CW,377,27.1000004,180.612
1851,HW,347,36.2000008,334.965
1852,HW,16,4.0999999,0
1853,YC,247,18.2000008,87.368
1854,HW,32,10.3000002,39.753
1855,SS,267,48.2999992,799.106
1856,CW,357,22.1000004,100.299
1857,CW,357,26.1000004,92.61
1858,HW,287,30.2000008,300.159
1859,CW,217,12.1000004,4.875
1860,HW,337,32.2000008,328.356
1861,HW,337,33.2000008,349.459
1862,PLC,117,1.5,0
1863,SS,307,44.2999992,654.013
1864,HW,5,0.8,0
1865,SS,267,36.4000015,453.122
1866,CW,287,18.1000004,65.014
1867,CW,357,30.2000008,204.648
1868,SS,7,1.1,0
1869,HW,277,33.2999992,313.135
1870,HW,337,37.2000008,287.219
1871,CW,332,27.2000008,178.021
1872,YC,117,4.0999999,0
1873,SS,307,53.2000008,620.294
1874,CW,282,14.1000004,45.076
1875,CW,307,24.2000008,110.533
1876,CW,167,10.1999998,0
1877,CW,332,21.1000004,68.645
1878,CW,267,25.2000008,186.586
1879,YC,197,15.1999998,74.339
1880,,0,0,0
1881,HW,19,7,0
1882,,0,0,0
1883,CW,137,6.0999999,0
1884,HW,357,34.2000008,359.733
1885,CW,357,23.1000004,193.758
1886,CW,307,32.2000008,285.167
1887,HW,307,33.2000008,301.84
1888,CW,237,18.2000008,104.897
1889,HW,47,7,0
1890,CW,332,23.1000004,109.017
1891,HW,337,34.2000008,336.391
1892,CW,287,22.2000008,74.265
1893,HW,327,35.2000008,383.812
1894,CW,187,19.2000008,97.865
1895,SS,297,39.2999992,737.004
1896,SS,357,43.2000008,563.564
1897,HW,227,27.2999992,233.822
1898,HW,327,32.2000008,330.293
1899,CW,207,10.1000004,0
1900,CW,297,27.2000008,179.518
1901,HW,357,37.2000008,443.345
1902,HW,267,33.2999992,414.567
1903,CW,217,13.1999998,61.593
1904,HW,257,21.2000008,127.701
1905,HW,277,23.2000008,196.569
1906,HW,332,34.2000008,268.325
1907,PLC,117,2,0
1908,PLC,127,4.1999998,0
1909,HW,237,15.1999998,61.614
1910,PLC,137,2.5,0
1911,CW,297,21.2000008,128.164
1912,HW,387,37.2000008,340.236
1913,HW,357,32.2000008,220.271
1914,HW,367,40.2000008,514.856
1915,HW,36,17.8999996,53.342
1916,HW,247,27.2999992,213.731
1917,CW,332,22.1000004,104.331
1918,HW,257,31.2999992,330.283
1919,CW,297,23.2000008,133.962
1920,HW,277,27.2000008,207.855
1921,HW,325,35.2000008,281.861
1922,SS,387,36.2000008,420.77
1923,HW,237,22.2999992,183.554
1924,CW,227,16.2000008,67.314
1925,HW,247,28.2999992,337.323
1926,HW,262,14.1000004,55.06
1927,CW,332,27.2000008,175.269
1928,HW,17,5.9000001,0
1929,CW,167,22.3999996,152.702
1930,HW,297,37.2999992,484.176
1931,HW,317,31.2000008,380.758
1932,CW,307,20.1000004,69.115
1933,CW,267,20.2000008,101.445
1934,CW,307,23.2000008,100.501
1935,HW,16,4.6999998,0
1936,YC,247,9.1000004,24.338
1937,CW,287,26.2000008,181.109
1938,CW,9,0.8,0
1939,HW,4,0.4,0
1940,PLC,117,1.5,0
1941,CW,332,33.2000008,253.909
1942,CW,259,17.2000008,150.444
1943,CW,267,17.1000004,82.465
1944,YC,227,6.0999999,0
1945,CW,167,22.3999996,96.243
1946,CW,267,21.2000008,115.345
1947,CW,247,18.2000008,60.764
1948,HW,267,25.2000008,214.89
1949,HW,307,34.2000008,364.861
1950,CW,307,40.2999992,398.765
1951,CW,357,20.1000004,59.347
1952,HW,357,37.2000008,407.448
1953,HW,307,21.2000008,116.978
1954,CW,307,24.2000008,145.203
1955,HW,307,33.2000008,355.127
1956,HW,367,36.2000008,510.78
1957,CW,182,27.3999996,254.166
1958,HW,227,15.1999998,61.164
1959,HW,307,30.2000008,320.606
1960,HW,307,36.2000008,404.314
1961,SS,357,38.2000008,375.93
1962,HW,287,31.2000008,373.863
1963,SS,287,38.2999992,558.693
1964,CW,177,22.2999992,128.912
1965,HW,20,6.3000002,0
1966,HW,307,32.2000008,337.519
1967,CW,297,30.2000008,189.66
1968,CW,297,30.2000008,181.461
1969,HW,377,39.2000008,375.198
1970,CW,287,30.2000008,148.23
1971,PLC,157,2.5,0
1972,SS,407,40.2000008,556.397
1973,PLC,117,1.5,0
1974,HW,267,28.2999992,237.879
1975,,0,0,0
1976,CW,247,18.2000008,104.374
1977,HW,277,32.2999992,262.799
1978,CW,257,19.2000008,65.589
1979,CW,247,18.2000008,106.99
1980,YC,227,13.1000004,15.38
1981,,0,0,0
1982,CW,167,22.3999996,96.243
1983,CW,332,25.2000008,107.58
1984,HW,327,32.2000008,329.782
1985,HW,307,33.2000008,379.948
1986,HW,12,3,0
1987,CW,187,8.1000004,8.805
1988,CW,307,31.2000008,194.635
1989,PLC,117,2,0
1990,CW,332,24.1000004,97.965
1991,CW,357,22.1000004,96.347
1992,CW,277,28.2999992,164.771
1993,CW,287,26.2000008,181.109
1994,CW,247,14.1000004,65.965
1995,PLC,147,1.5,0
1996,HW,357,41.2000008,476.605
1997,CW,177,6.0999999,0
1998,CW,167,33.5999985,187.735
1999,CW,307,18.1000004,71.268
2000,PLC,167,4.1999998,0
2001,DR,28,15.1000004,63.358
2002,HW,28,10.8999996,48.133
2003,HW,347,37.2000008,470.745
2004,CW,257,16.1000004,79.764
2005,CW,327,16.1000004,51.646
2006,HW,257,27.2999992,252.657
2007,CW,337,22.1000004,94.401
2008,CW,217,16.2000008,16.218
2009,SS,10,1.8,0
2010,YC,347,15.1000004,60.013
2011,CW,247,20.2000008,93.838
2012,PLC,177,3,0
2013,HW,163,33.2999992,526.49
2014,SS,10,3.5999999,0
2015,YC,307,11.1000004,22.424
2016,CW,167,17.2999992,80.743
2017,YC,247,10.1000004,29.94
2018,CW,307,23.2000008,94.736
2019,CW,267,33.2999992,290.875
2020,HW,267,29.2999992,288.101
2021,SS,7,1.1,0
2022,CW,307,33.2000008,283.553
2023,PLC,117,2,0
2024,,0,0,0
2025,CW,307,18.1000004,69.764
2026,YC,277,13.1000004,49.498
2027,HW,21,7.4000001,4.375
2028,HW,257,19.2000008,86.352
2029,HW,167,16.3999996,73.167
2030,CW,247,20.2000008,93.676
2031,HW,327,34.2000008,266.81
2032,SS,31,16,132.467
2033,SS,26,8.3000002,2.099
2034,CW,227,18.2000008,94.56
2035,HW,307,34.2000008,417.664
2036,CW,357,15.1000004,48.151
2037,HW,233,34.0999985,452.484
2038,CW,167,20.2999992,145.683
2039,CW,207,13.1000004,46.514
2040,HW,31,13.5,94.029
2041,CW,287,34.2999992,230.139
2042,HW,167,16.3999996,111.921
2043,CW,287,26.2000008,121.991
2044,SS,4,0.4,0
2045,PLC,107,1.5,0
2046,CW,207,1,0
2047,CW,187,11.1000004,5.426
2048,HW,30,10.6999998,16.86
2049,CW,247,23.2000008,146.734
2050,CW,267,28.2999992,228.21
2051,HW,247,33.2999992,316.112
2052,CW,307,22.2000008,95.099
2053,SS,5,0.6,0
2054,HW,267,36.2999992,470.294
2055,CW,187,12.1999998,0
2056,CW,307,19.1000004,106.998
2057,HW,36,19.2999992,190.26
2058,CW,277,17.2000008,73.216
2059,CW,147,8.1999998,0
2060,CW,227,16.2000008,27.783
2061,HW,332,33.2000008,260.115
2062,YC,328,18.1000004,68.258
2063,HW,297,28.2000008,301.685
2064,HW,357,32.2000008,259.303
2065,SS,6,0.8,0
2066,HW,357,40.2000008,454.118
2067,CW,217,17.2000008,109.833
2068,HW,307,32.2000008,307.228
2069,CW,307,18.1000004,63.523
2070,YC,357,18.1000004,85.561
2071,HW,227,18.2000008,73.948
2072,CW,242,18.2000008,100.097
2073,SS,147,11.6000004,1.826
2074,CW,267,22.2000008,88.019
2075,SS,167,19.7000008,168.03
2076,HW,307,31.2000008,223.419
2077,HW,297,34.2999992,369.823
2078,CW,207,1,0
2079,CW,332,23.1000004,167.407
2080,,0,0,0
2081,CW,357,24.1000004,110.234
2082,CW,307,13.1000004,30.518
2083,CW,332,18.1000004,51.612
2084,PLC,117,2,0
2085,HW,307,31.2000008,223.419
2086,CW,257,17.2000008,94.17
2087,PLC,117,2,0
2088,HW,277,27.2000008,208.974
2089,HW,267,28.2999992,259.858
2090,HW,337,35.2000008,326.492
2091,HW,17,4.6999998,0
2092,PLC,117,1.5,0
2093,CW,307,13.1000004,30.518
2094,CW,332,22.1000004,104.233
2095,SS,267,37.4000015,499.398
2096,HW,11,4.3000002,0
2097,HW,287,31.2000008,326.341
2098,HW,307,31.2000008,411.342
2099,CW,357,20.1000004,59.347
2100,CW,357,16.1000004,46.893
2101,CW,307,24.2000008,110.533
2102,HW,307,34.2000008,315.683
2103,HW,267,31.2999992,353.83
2104,HW,31,13.5,94.029
2105,HW,277,33.2999992,279.545
2106,HW,7,1.2,0
2107,SS,332,35.2999992,370.757
2108,HW,247,23.2999992,173.968
2109,HW,307,32.2000008,334.444
2110,HW,207,18.2999992,8.891
2111,CW,257,16.1000004,58.959
2112,PLC,147,3.0999999,0
2113,CW,207,11.1000004,5.821
2114,CW,332,22.1000004,82.058
2115,CW,287,25.2000008,157.416
2116,CW,217,14.1999998,43.694
2117,YC,337,16.1000004,77.283
2118,HW,357,42.2000008,522.203
2119,HW,287,31.2000008,415.202
2120,HW,228,12.6999998,22.834
2121,HW,387,38.2000008,350.993
2122,CW,277,26.2000008,164.218
2123,CW,217,17.2000008,109.833
2124,HW,357,40.2000008,334.604
2125,HW,327,35.2000008,385.595
2126,HW,277,28.2000008,259.664
2127,CW,332,27.2000008,178.021
2128,HW,307,30.2000008,341.526
2129,SS,5,0.8,0
2130,HW,237,26.2999992,246.826
2131,SS,357,45.2000008,499.981
2132,HW,237,23.2999992,178.843
2133,CW,332,21.1000004,79.38
2134,PLC,107,8.3999996,7.472
2135,YC,257,11.1000004,16.198
2136,YC,257,11.1000004,42.535
2137,HW,257,29.2999992,263.922
2138,CW,247,20.2000008,121.061
2139,YC,377,16.1000004,79.087
2140,CW,307,13.1000004,30.518
2141,CW,307,18.1000004,65.919
2142,CW,167,11.1999998,5.424
2143,CW,267,23.2000008,116.629
2144,YC,307,12.1000004,20.459
2145,CW,183,20.1000004,108.492
2146,CW,267,22.2000008,107.164
2147,CW,267,17.1000004,62.797
2148,SS,17,4.5,0
2149,HW,267,32.2999992,404.218
2150,CW,332,28.2000008,95.54
2151,CW,297,31.2000008,230.071
2152,CW,267,18.2000008,69.94
2153,CW,277,28.2999992,147.733
2154,SS,5,0.6,0
2155,SS,4,0.4,0
2156,YC,287,14.1000004,47.32
2157,CW,347,22.1000004,63.043
2158,SS,157,22.7000008,130.951
2159,CW,332,20.1000004,87.389
2160,CW,332,20.1000004,78.077
2161,CW,237,16.2000008,68.319
2162,HW,18,8.6999998,5.47
2163,HW,267,30.2999992,303.288
2164,CW,197,10.1000004,0
2165,CW,257,19.2000008,97.644
2166,YC,227,13.1000004,15.38
2167,YC,407,18.1000004,99.255
2168,SS,5,0.6,0
2169,HW,28,10.8999996,19.148
2170,CW,267,17.1000004,73.887
2171,CW,307,17.1000004,70.255
2172,CW,357,19.1000004,79.598
2173,CW,227,16.2000008,68.884
2174,CW,167,5.0999999,0
2175,CW,257,18.2000008,131.239
2176,PLC,117,2,0
2177,CW,227,16.2000008,50.463
2178,CW,277,28.2999992,162.235
2179,CW,267,15.1000004,45.203
2180,HW,257,26.2999992,221.929
2181,HW,307,35.2999992,445.151
2182,HW,297,29.2000008,327.997
2183,CW,307,21.1000004,91.014
2184,HW,18,8.6999998,5.916
2185,CW,263,22.1000004,145.896
2186,CW,277,20.2000008,114.028
2187,HW,287,34.2999992,426.24
2188,CW,257,21.2000008,117.313
2189,HW,33,13.1999998,47.212
2190,HW,287,32.2999992,385.327
2191,CW,357,19.1000004,80.199
2192,CW,332,22.1000004,91.424
2193,HW,287,30.2000008,362.379
2194,HW,367,41.2000008,543.595
2195,CW,332,23.1000004,90.513
2196,HW,282,23.2000008,156.391
2197,CW,192,19.2000008,84.081
2198,CW,257,26.2999992,178.518
2199,CW,307,23.2000008,100.501
2200,CW,357,28.1000004,155.224
2201,PLC,117,2,0
2202,CW,163,33.2999992,207.73
2203,SS,278,41.0999985,571.323
2204,CW,277,26.2000008,166.798
2205,HW,3,0.3,0
2206,HW,307,34.2000008,393.18
2207,HW,277,23.2000008,131.22
2208,HW,227,25.2999992,183.176
2209,HW,307,35.2999992,571.259
2210,SS,282,35.4000015,366.955
2211,HW,17,5.4000001,0
2212,CW,287,18.1000004,79.773
2213,YC,327,14.1000004,58.525
2214,CW,267,20.2000008,101.668
2215,CW,307,35.2000008,220.81
2216,CW,227,17.2000008,83.267
2217,HW,237,15.1999998,66.373
2218,HW,387,41.2000008,470.041
2219,HW,12,2.9000001,0
2220,YC,267,14.1000004,66.187
2221,HW,37,21.1000004,147.182
2222,HW,35,16.6000004,99.003
2223,CW,247,15.1999998,55.141
2224,HW,357,37.2000008,349.308
2225,CW,217,15.1999998,70.002
2226,CW,267,25.2000008,186.586
2227,YC,357,18.1000004,91.832
2228,CW,307,30.2000008,291.411
2229,CW,332,19.1000004,81.204
2230,HW,277,32.2999992,387.499
2231,CW,237,14.1999998,51.64
2232,HW,227,21.2999992,123.785
2233,CW,307,21.1000004,90.922
2234,CW,267,24.2000008,159.371
2235,CW,267,19.2000008,74.414
2236,YC,277,14,48.305
2237,SS,299,29.8999996,588.833
2238,PLC,107,2,0
2239,CW,327,16.1000004,51.202
2240,HW,297,34.2999992,281.19
2241,HW,17,5.9000001,0
2242,HW,307,34.2000008,386.471
2243,CW,297,19.1000004,76.881
2244,SS,213,34.2000008,509.835
2245,CW,257,16.1000004,97.307
2246,HW,25,9.3999996,15.556
2247,PLC,13,2.5,0
2248,CW,332,23.1000004,109.017
2249,CW,332,31.2000008,225.024
2250,CW,267,19.2000008,111.45
2251,CW,227,15.1999998,50.37
2252,CW,197,12.1000004,0
2253,HW,307,23.2000008,189.082
2254,HW,247,19.2000008,61.531
2255,HW,327,38.2000008,366.302
2256,CW,247,18.2000008,87.834
2257,CW,34,8.6000004,5.867
2258,CW,257,17.2000008,90.932
2259,HW,263,30.1000004,345.244
2260,CW,307,24.2000008,135.739
2261,CW,117,3.0999999,0
2262,HW,327,30.2000008,293.328
2263,CW,287,19.1000004,124.991
2264,HW,9,2,0
2265,CW,257,11.1000004,0.256
2266,HW,187,20.3999996,175.204
2267,CW,267,18.2000008,66.412
2268,CW,257,27.2999992,195.524
2269,HW,187,20.3999996,175.512
2270,HW,207,24.3999996,214.428
2271,YC,349,14.3999996,72.676
2272,CW,347,33.2000008,251.905
2273,HW,277,23.2000008,217.227
2274,CW,167,8.1000004,0
2275,CW,247,7.0999999,0
2276,CW,332,11.1000004,8.09
2277,CW,267,18.2000008,61.825
2278,HW,247,26.2999992,255.092
2279,HW,357,37.2000008,351.586
2280,HW,227,21.2999992,171.873
2281,HW,257,23.2000008,173.898
2282,HW,187,22.3999996,244.513
2283,CW,273,20.1000004,106.295
2284,CW,263,20.1000004,116.959
2285,CW,332,18.1000004,51.612
2286,HW,357,36.2000008,281.906
2287,HW,377,35.2000008,375.083
2288,HW,227,26.2999992,229.93
2289,HW,287,19.2000008,113.072
2290,CW,267,16.2000008,11.025
2291,HW,297,32.2000008,399.412
2292,HW,20,5.6999998,0
2293,CW,307,32.2000008,245.692
2294,HW,367,42.2000008,481.925
2295,CW,237,15.1999998,74.854
2296,HW,327,36.2000008,386.376
2297,HW,97,15.8000002,65.722
2298,CW,257,17.2000008,84.413
2299,HW,257,32.2999992,355.912
2300,CW,307,29.2000008,259.112
2301,YC,347,14.1000004,36.582
2302,CW,282,24.2000008,145.333
2303,CW,207,10.1000004,0
2304,CW,307,32.2000008,170.29
2305,CW,332,20.1000004,87.389
2306,CW,307,31.2000008,191.398
2307,HW,257,19.2000008,55.806
2308,HW,387,37.2000008,463.2
2309,HW,12,3,0
2310,HW,287,21.2000008,91.232
2311,HW,277,27.2000008,224.451
2312,CW,227,16.2000008,67.314
2313,HW,13,2.8,0
2314,CW,277,33.2999992,262.916
2315,PLC,147,3.0999999,0
2316,CW,207,13.1000004,33.532
2317,CW,307,18.1000004,65.353
2318,HW,267,32.2999992,389.96
2319,CW,357,30.2000008,152.004
2320,HW,19,5.8000002,0
2321,PLC,107,5.3000002,0
2322,HW,17,5.4000001,0
2323,HW,21,7.0999999,0
2324,PLC,127,4.1999998,0
2325,YC,127,4.0999999,0
2326,PLC,147,3.0999999,0
2327,CW,167,8.1000004,14.741
2328,HW,287,32.2999992,361.81
2329,CW,267,18.2000008,79.582
2330,CW,287,23.2000008,75.28
2331,CW,307,16.1000004,6.976
2332,CW,307,18.1000004,50.947
2333,CW,227,20.2000008,106.718
2334,CW,307,13.1000004,31.12
2335,CW,227,19.2000008,131.424
2336,HW,77,5.3000002,0
2337,CW,277,28.2999992,169.553
2338,YC,307,16.1000004,65.568
2339,HW,247,23.2999992,161.37
2340,CW,357,20.1000004,72.824
2341,HW,307,33.2000008,368.965
2342,CW,357,20.1000004,110.202
2343,CW,307,28.2000008,284.777
2344,HW,277,31.2999992,350.215
2345,CW,297,20.1000004,104.002
2346,CW,247,23.2000008,139.414
2347,HW,267,30.2999992,219.458
2348,SS,10,1.8,0
2349,HW,327,35.2000008,385.595
2350,HW,167,16.3999996,73.167
2351,CW,207,13.1000004,50.05
2352,CW,277,28.2999992,169.553
2353,CW,227,21.2000008,97.877
2354,CW,282,16.1000004,54.016
2355,CW,307,17.1000004,51.543
2356,CW,267,15.1000004,56.365
2357,CW,177,11.1999998,0
2358,HW,357,40.2000008,387.559
2359,CW,307,20.1000004,74.715
2360,CW,257,22.2000008,46.195
2361,SS,223,38.2000008,462.254
2362,HW,247,21.2000008,139.064
2363,HW,247,27.2999992,213.731
2364,SS,9,2.0999999,0
2365,,0,0,0
2366,HW,297,32.2000008,282.286
2367,CW,227,20.2000008,74.519
2368,HW,18,8.6999998,5.67
2369,DR,77,23.3999996,243.036
2370,CW,307,26.2000008,177.08
2371,PLC,122,3.7,0
2372,CW,357,16.1000004,51.408
2373,HW,327,35.2000008,388.191
2374,CW,332,22.1000004,101.692
2375,HW,357,38.2000008,592.426
2376,CW,217,11.1000004,2.961
2377,PLC,127,5.3000002,0
2378,CW,332,18.1000004,74.644
2379,HW,207,19.2999992,134.162
2380,HW,5,0.8,0
2381,CW,332,21.1000004,78.773
2382,SS,4,0.4,0
2383,CW,267,30.2999992,152.636
2384,DR,47,14.8000002,91.786
2385,HW,307,28.2000008,263.306
2386,CW,357,25.1000004,126.789
2387,CW,332,19.1000004,81.204
2388,CW,227,17.2000008,75.885
2389,CW,357,28.1000004,155.224
2390,DR,77,21.3999996,141.809
2391,HW,227,21.2999992,171.602
2392,HW,262,14.1000004,55.06
2393,CW,257,19.2000008,69.434
2394,CW,332,18.1000004,96.394
2395,HW,247,28.2999992,302.334
2396,CW,247,17.2000008,79.526
2397,HW,18,5.9000001,0
2398,HW,357,37.2000008,443.345
2399,YC,247,10.1000004,29.94
2400,CW,307,19.1000004,77.236
2401,CW,222,16.2000008,50.964
2402,CW,227,24.2999992,159.1
2403,CW,307,19.1000004,62.783
2404,CW,187,23.2999992,123.937
2405,CW,357,20.1000004,87.114
2406,CW,282,16.1000004,59.557
2407,YC,287,11.1000004,25.511
2408,HW,38,16.2000008,77.19
2409,HW,15,4.0999999,0
2410,HW,357,32.2000008,220.271
2411,CW,307,18.1000004,69.764
2412,HW,247,25.2999992,195.726
2413,CW,257,14.1000004,63.369
2414,CW,177,13.1999998,6.358
2415,CW,237,20.2000008,104.037
2416,CW,107,7.1999998,0.96
2417,HW,267,25.2000008,161.435
2418,HW,332,35.2000008,279.723
2419,HW,36,14.5,30.814
2420,CW,227,14.1999998,60.347
2421,SS,307,36.2999992,383.412
2422,HW,247,30.2999992,348.734
2423,HW,227,31.3999996,397.099
2424,HW,307,33.2000008,303.307
2425,CW,147,4.0999999,0
2426,CW,257,16.1000004,44.965
2427,CW,207,12.1000004,5.781
2428,SS,17,4.5,0
2429,HW,257,30.2999992,259.926
2430,DR,87,24.2999992,219.545
2431,CW,207,21.2000008,98.062
2432,PLC,127,8.3000002,0.279
2433,HW,357,32.2000008,259.303
2434,CW,257,18.2000008,79.038
2435,CW,207,22.2000008,88.966
2436,CW,167,16.2999992,48.136
2437,HW,327,34.2000008,393.308
2438,HW,347,37.2000008,525.766
2439,HW,387,43.2000008,537.193
2440,CW,257,16.1000004,73.194
2441,HW,307,32.2000008,325.17
2442,CW,277,22.2000008,125.137
2443,CW,217,12.1000004,21.632
2444,PLC,117,1.5,0
2445,HW,23,8,4.047
2446,CW,307,15.1000004,49.873
2447,CW,237,14.1999998,34.571
2448,CW,247,15.1999998,65.262
2449,CW,332,11.1000004,3.336
2450,CW,217,18.2000008,83.202
2451,PLC,117,2,0
2452,CW,3,0.4,0
2453,DR,31,19.1000004,152.561
2454,HW,18,5.5999999,0
2455,HW,27,10.3999996,20.803
2456,PLC,107,8.3999996,7.472
2457,CW,267,20.2000008,119.381
2458,CW,328,28.1000004,242.726
2459,HW,257,33.2999992,492.963
2460,SS,307,43.2999992,649.126
2461,HW,267,30.2999992,347.953
2462,CW,257,11.1000004,0.432
2463,CW,247,26.2999992,152.13
2464,CW,277,28.2999992,162.219
2465,CW,247,27.2999992,193.77
2466,PLC,117,2,0
2467,CW,357,22.1000004,98.531
2468,HW,357,32.2000008,260.874
2469,CW,237,15.1999998,82.4
2470,PLC,137,1.5,0
2471,PLC,107,1.5,0
2472,CW,237,15.1999998,28.372
2473,PLC,122,2.5,0
2474,CW,237,19.2000008,111.79
2475,SS,32,17.1000004,185.286
2476,CW,257,19.2000008,86.382
2477,YC,353,13,82.351
2478,HW,247,19.2000008,142.788
2479,HW,217,24.2999992,130.866
2480,CW,267,19.2000008,106.993
2481,CW,207,4,0
2482,CW,307,28.2000008,128.293
2483,CW,267,25.2000008,163.373
2484,HW,19,6.4000001,0
2485,CW,287,21.2000008,113.628
2486,HW,367,43.2000008,349.774
2487,HW,297,31.2000008,368.922
2488,SS,260,48.5999985,699.307
2489,HW,267,33.2999992,414.567
2490,HW,187,25.3999996,195.379
2491,DR,36,19.5,120.003
2492,CW,357,24.1000004,110.234
2493,PLC,147,2,0
2494,HW,327,36.2000008,341.298
2495,,0,0,0
2496,CW,277,26.2000008,110.644
2497,CW,227,21.2000008,145.114
2498,PLC,117,2.5999999,0
2499,CW,257,8.1000004,0
2500,CW,332,22.1000004,104.331
2501,CW,207,21.2000008,128.809
2502,SS,267,41.2999992,665.188
2503,CW,277,25.2000008,188.686
2504,CW,177,22.2999992,128.912
2505,PLC,107,1.5,0
2506,CW,127,22.6000004,136.711
2507,HW,34,13.6000004,89.506
2508,CW,267,26.2000008,181.196
2509,HW,237,26.2999992,254.659
2510,HW,27,10.3999996,13.862
2511,CW,247,23.2000008,146.734
2512,CW,307,28.2000008,226.335
2513,CW,282,17.1000004,65.94
2514,SS,9,1.6,0
2515,CW,332,27.2000008,175.269
2516,CW,357,25.1000004,132.74
2517,HW,277,26.2000008,223.415
2518,HW,267,29.2999992,227.141
2519,CW,247,15.1999998,69.789
2520,CW,267,21.2000008,113.655
2521,CW,267,16.2000008,66.867
2522,CW,332,28.2000008,178.21
2523,CW,307,16.1000004,42.471
2524,CW,297,20.1000004,104.002
2525,CW,307,20.1000004,106.168
2526,SS,297,35.2999992,400.084
2527,HW,6,0.9,0
2528,HW,267,30.2999992,219.458
2529,HW,31,11.6999998,56.621
2530,PLC,107,2,0
2531,CW,327,15.1000004,12.501
2532,HW,277,21.2000008,104.438
2533,HW,237,23.2999992,193.641
2534,,0,0,0
2535,PLC,147,2.5,0
2536,HW,4,0.4,0
2537,SS,33,11.3999996,34.719
2538,YC,307,14.1000004,51.544
2539,PLC,107,2,0
2540,CW,217,12.1000004,45.437
2541,PLC,117,10.3999996,0
2542,HW,407,42.2000008,421.842
2543,YC,217,9.1000004,0.321
2544,HW,247,33.2999992,316.112
2545,CW,247,16.2000008,67.945
2546,CW,227,17.2000008,62.779
2547,CW,237,16.2000008,68.319
2548,CW,247,14.1000004,67.905
2549,HW,307,34.2000008,340.394
2550,,0,0,0
2551,CW,267,19.2000008,97.15
2552,CW,247,15.1999998,57.842
2553,HW,257,30.2999992,275.82
2554,CW,332,24.1000004,116.169
2555,CW,277,25.2000008,213.809
2556,PLC,122,2.5,0
2557,HW,23,8.3999996,10.56
2558,,0,0,0
2559,HW,17,5.5999999,0
2560,CW,332,27.2000008,175.269
2561,CW,197,10.1000004,0
2562,SS,247,40.4000015,73.11
2563,HW,307,33.2000008,328.078
2564,HW,5,0.8,0
2565,HW,247,21.2000008,139.064
2566,SS,187,26.6000004,173.762
2567,HW,22,7.5999999,2.716
2568,HW,267,29.2999992,203.283
2569,PLC,107,5.3000002,0
2570,SS,207,35.5,417.583
2571,CW,282,19.2000008,66.671
2572,HW,307,21.2000008,124.763
2573,HW,247,29.2999992,249.834
2574,CW,257,16.1000004,41.788
2575,PLC,127,4.1999998,0
2576,HW,30,13,65.192
2577,HW,307,31.2000008,249.019
2578,HW,247,26.2999992,313.157
2579,CW,307,33.2000008,167.169
2580,CW,332,28.2000008,171.991
2581,CW,257,25.2000008,159.775
2582,YC,267,16.2000008,51.211
2583,HW,197,20.2999992,144.06
2584,CW,277,24.2000008,184.464
2585,PLC,137,2,0
2586,CW,207,9.1000004,2.22
2587,CW,277,26.2000008,97.595
2588,CW,137,6.0999999,0
2589,HW,203,18.1000004,115.445
2590,CW,357,23.1000004,88.35
2591,PLC,107,2,0
2592,HW,287,33.2999992,435.322
2593,HW,107,22.8999996,174.348
2594,HW,267,26.2000008,165.198
2595,SS,543,37.5999985,281.869
2596,HW,357,39.2000008,443.18
2597,HW,267,29.2999992,310.24
2598,HW,257,33.2999992,492.963
2599,SS,157,29.7999992,306.795
2600,HW,12,2.9000001,0
2601,CW,207,12.1000004,4.814
2602,CW,357,24.1000004,116.884
2603,HW,297,33.2000008,354.852
2604,CW,187,18.2000008,54.815
2605,HW,17,5.4000001,0
2606,HW,237,26.2999992,254.659
2607,CW,167,10.1999998,0
2608,YC,307,17.1000004,58.807
2609,HW,332,32.2000008,213.787
2610,HW,187,26.5,322.861
2611,HW,25,18.2999992,116.597
2612,CW,357,20.1000004,94.611
2613,HW,177,25.5,137.539
2614,CW,357,21.1000004,93.655
2615,HW,25,9.3999996,11.266
2616,CW,357,23.1000004,110.876
2617,CW,332,18.1000004,63.775
2618,HW,277,32.2999992,338.622
2619,SS,357,38.2000008,375.93
2620,PLC,117,1.5,0
2621,SS,7,1.1,0
2622,HW,267,29.2999992,271.033
2623,CW,332,25.2000008,150.218
2624,CW,282,19.2000008,85.107
2625,CW,247,22.2000008,81.548
2626,CW,277,27.2000008,154.003
2627,SS,257,35.4000015,414.301
2628,CW,267,19.2000008,88.157
2629,PLC,117,2,0
2630,SS,10,1.8,0
2631,CW,357,30.2000008,196.791
2632,HW,307,32.2000008,334.444
2633,CW,332,20.1000004,87.389
2634,CW,247,20.2000008,70.801
2635,HW,367,36.2000008,448.466
2636,CW,257,14.1000004,18.743
2637,HW,117,16.6000004,105.384
2638,CW,332,27.2000008,92.118
2639,HW,307,38.2999992,495.604
2640,CW,267,17.1000004,68.484
2641,HW,227,14.1999998,39.21
2642,CW,307,20.1000004,73.438
2643,HW,267,29.2999992,203.283
2644,CW,217,13.1999998,7.342
2645,CW,357,20.1000004,73.996
2646,HW,282,32.2999992,286.929
2647,HW,267,24.2000008,183.226
2648,HW,307,34.2000008,365.748
2649,HW,12,3.5,0
2650,CW,217,16.2000008,44.737
2651,CW,287,24.2000008,125.937
2652,HW,197,27.3999996,266.861
2653,CW,277,25.2000008,213.809
2654,PLC,117,2,0
2655,CW,247,19.2000008,86.532
2656,SS,263,41.0999985,510.119
2657,HW,167,16.3999996,100.066
2658,CW,332,24.1000004,133.274
2659,HW,30,13,32.669
2660,,0,0,0
2661,HW,177,24.3999996,218.169
2662,CW,399,20,195.934
2663,HW,267,28.2999992,260.951
2664,CW,277,28.2999992,228.147
2665,HW,38,20.8999996,98.986
2666,YC,247,18.2000008,87.368
2667,HW,12,4.9000001,0
2668,CW,10,1.4,0
2669,CW,162,33.2000008,207.342
2670,CW,267,21.2000008,85.616
2671,HW,197,18.2999992,144.709
2672,HW,277,26.2000008,202.942
2673,HW,277,25.2000008,131.06
2674,CW,253,16.1000004,106.369
2675,PLC,117,2,0
2676,SS,277,38.2999992,442.283
2677,HW,307,24.2000008,153.501
2678,CW,127,7.1999998,0
2679,HW,357,36.2000008,450.887
2680,CW,332,11.1000004,8.09
2681,HW,32,14,48.731
2682,HW,19,6.4000001,0
2683,SS,407,45.0999985,721.19
2684,HW,24,7.6999998,4.248
2685,CW,307,18.1000004,63.523
2686,HW,307,27.2000008,212.184
2687,CW,332,22.1000004,149.461
2688,CW,332,22.1000004,101.692
2689,HW,247,27.2999992,192.375
2690,SS,227,36.5,425.894
2691,CW,247,19.2000008,102.392
2692,CW,357,27.2000008,154.185
2693,PLC,117,2.5999999,0
2694,CW,332,21.1000004,94.692
2695,CW,332,26.2000008,116.612
2696,YC,287,13.1000004,39.479
2697,HW,357,39.2000008,625.704
2698,CW,267,25.2000008,187.683
2699,HW,332,28.2000008,212.893
2700,CW,332,26.2000008,133.921
